"Dataset","Tissue","Species","Method","RefinementSelector","RefinementBudgetK","Replicate","FirstPassResponseHash","RefinementResponseHash","RefinementPromptTokens","RefinementCompletionTokens","RefinementTokens","RefinementRuntimeSec","RefinementCostUSD","SecondPassCalls","CostPerCorrectedError","NClusters","NFlagged","NRefined","FlaggedRate","NInitiallyIncorrect","SelectionPrecision","SelectionRecall","SelectionSpecificity","SelectionNPV","SelectionMCC","ConflictPrecision","ConflictRecall","NLabelChanged","WrongToCorrect","CorrectToWrong","NetCorrectionRate","NetCorrectionPerChangedLabel","FullWrongToCorrect","FullNRefined","CorrectionEfficiency","HarmRate","RecoveryFraction","RelativeRefinementBudget"
"PBMC","PBMC","Human","DeepSeekCell-RandomK","random-k",0,1,"53749554ecf9fa086b170e4c30a12eb5",NA,0,0,0,0,0,0,NA,8,0,0,0,0,NA,NA,1,1,NA,NA,NA,0,0,0,NA,NA,0,8,NA,NA,NA,0
"PBMC","PBMC","Human","DeepSeekCell-ConfidenceK","confidence-k",0,1,"53749554ecf9fa086b170e4c30a12eb5",NA,0,0,0,0,0,0,NA,8,0,0,0,0,NA,NA,1,1,NA,NA,NA,0,0,0,NA,NA,0,8,NA,NA,NA,0
"PBMC","PBMC","Human","DeepSeekCell-SelfRefined","evidence-k",0,1,"53749554ecf9fa086b170e4c30a12eb5",NA,0,0,0,0,0,0,NA,8,0,0,0,0,NA,NA,1,1,NA,NA,NA,0,0,0,NA,NA,0,8,NA,NA,NA,0
"PBMC","PBMC","Human","DeepSeekCell-FullRefined","full",8,1,"53749554ecf9fa086b170e4c30a12eb5","6b777a206a39330ccc38e5ef8c2598a3",0,0,2659,5.36670804023743,0.00048006,1,NA,8,8,8,1,0,0,NA,0,NA,NA,0,NA,0,0,0,0,NA,0,8,0,0,NA,1
"BaronPancreas","Pancreas","Human","DeepSeekCell-RandomK","random-k",0,1,"219dc72a9494ebbe54e0322e38d12802",NA,0,0,0,0,0,0,NA,16,0,0,0,3,NA,0,1,0.8125,NA,NA,0,0,0,0,NA,NA,0,16,NA,NA,NA,0
"BaronPancreas","Pancreas","Human","DeepSeekCell-ConfidenceK","confidence-k",0,1,"219dc72a9494ebbe54e0322e38d12802",NA,0,0,0,0,0,0,NA,16,0,0,0,3,NA,0,1,0.8125,NA,NA,0,0,0,0,NA,NA,0,16,NA,NA,NA,0
"BaronPancreas","Pancreas","Human","DeepSeekCell-SelfRefined","evidence-k",0,1,"219dc72a9494ebbe54e0322e38d12802",NA,0,0,0,0,0,0,NA,16,0,0,0,3,NA,0,1,0.8125,NA,NA,0,0,0,0,NA,NA,0,16,NA,NA,NA,0
"BaronPancreas","Pancreas","Human","DeepSeekCell-FullRefined","full",16,1,"219dc72a9494ebbe54e0322e38d12802","8a4c350bf1a4843cda1cd788ab8544fa",0,0,4442,6.03602600097656,0.00077196,1,NA,16,16,16,1,3,0.1875,1,0,NA,NA,0.1875,1,0,0,0,0,NA,0,16,0,0,NA,1
"MuraroPancreas","Pancreas","Human","DeepSeekCell-RandomK","random-k",0,1,"7662d1b7f187fa2bf644e49784a26248",NA,0,0,0,0,0,0,NA,11,0,0,0,2,NA,0,1,0.818181818181818,NA,NA,0,0,0,0,NA,NA,0,11,NA,NA,NA,0
"MuraroPancreas","Pancreas","Human","DeepSeekCell-ConfidenceK","confidence-k",0,1,"7662d1b7f187fa2bf644e49784a26248",NA,0,0,0,0,0,0,NA,11,0,0,0,2,NA,0,1,0.818181818181818,NA,NA,0,0,0,0,NA,NA,0,11,NA,NA,NA,0
"MuraroPancreas","Pancreas","Human","DeepSeekCell-SelfRefined","evidence-k",0,1,"7662d1b7f187fa2bf644e49784a26248",NA,0,0,0,0,0,0,NA,11,0,0,0,2,NA,0,1,0.818181818181818,NA,NA,0,0,0,0,NA,NA,0,11,NA,NA,NA,0
"MuraroPancreas","Pancreas","Human","DeepSeekCell-FullRefined","full",11,1,"7662d1b7f187fa2bf644e49784a26248","24432cfbc52602873a7f14f56c9cd3dc",0,0,3658,7.10097408294678,0.00067802,1,NA,11,11,11,1,2,0.181818181818182,1,0,NA,NA,0.181818181818182,1,0,0,0,0,NA,0,11,0,0,NA,1
"TasicBrain","Brain","Mouse","DeepSeekCell-RandomK","random-k",0,1,"6f1339224ac38869dafab6c3d56c683d",NA,0,0,0,0,0,0,NA,15,0,0,0,0,NA,NA,1,1,NA,NA,NA,0,0,0,NA,NA,0,15,NA,NA,NA,0
"TasicBrain","Brain","Mouse","DeepSeekCell-ConfidenceK","confidence-k",0,1,"6f1339224ac38869dafab6c3d56c683d",NA,0,0,0,0,0,0,NA,15,0,0,0,0,NA,NA,1,1,NA,NA,NA,0,0,0,NA,NA,0,15,NA,NA,NA,0
"TasicBrain","Brain","Mouse","DeepSeekCell-SelfRefined","evidence-k",0,1,"6f1339224ac38869dafab6c3d56c683d",NA,0,0,0,0,0,0,NA,15,0,0,0,0,NA,NA,1,1,NA,NA,NA,0,0,0,NA,NA,0,15,NA,NA,NA,0
"TasicBrain","Brain","Mouse","DeepSeekCell-FullRefined","full",15,1,"6f1339224ac38869dafab6c3d56c683d","2b5a758e0a2cd4d50a14f366c7d9a783",0,0,4380,7.01772904396057,0.00076076,1,NA,15,15,15,1,0,0,NA,0,NA,NA,0,NA,0,0,0,0,NA,0,15,0,0,NA,1
"ZeiselBrain","Brain","Mouse","DeepSeekCell-RandomK","random-k",1,1,"8dea6f1f5117dba148495c12d7e45744","9f54cfa54623a2a0d481b58e4041daa2",0,0,546,1.97157192230225,9.24e-05,1,NA,16,1,1,0.0625,5,1,0.2,1,0.733333333333333,0.382970843102535,1,0.2,0,0,0,0,NA,0,16,0,0,NA,0.0625
"ZeiselBrain","Brain","Mouse","DeepSeekCell-ConfidenceK","confidence-k",1,1,"8dea6f1f5117dba148495c12d7e45744","44d86b0202d71fe36b4e2b7794cf66c8",0,0,509,1.5602810382843,8.358e-05,1,NA,16,1,1,0.0625,5,1,0.2,1,0.733333333333333,0.382970843102535,1,0.2,1,0,0,0,0,0,16,0,0,NA,0.0625
"ZeiselBrain","Brain","Mouse","DeepSeekCell-SelfRefined","evidence-k",1,1,"8dea6f1f5117dba148495c12d7e45744","3b89432c66f9a31cb0d855257c4f6833",0,0,554,2.09039902687073,9.17e-05,1,9.17e-05,16,1,1,0.0625,5,1,0.2,1,0.733333333333333,0.382970843102535,1,0.2,1,1,0,1,1,0,16,1,0,NA,0.0625
"ZeiselBrain","Brain","Mouse","DeepSeekCell-FullRefined","full",16,1,"8dea6f1f5117dba148495c12d7e45744","38e9e75e84a4129dd773345a39c57025",0,0,5019,8.96473693847656,0.00090636,1,NA,16,16,16,1,5,0.3125,1,0,NA,NA,0.3125,1,0,0,0,0,NA,0,16,0,0,NA,1
"ZilionisLung","Lung","Human","DeepSeekCell-RandomK","random-k",6,1,"bfcf72a93fe7e73573f3d2cbf363fba6","ef238b748c3faffd3adb698cecb36fc2",0,0,1832,4.13747406005859,0.0003409,1,0.000113633333333333,17,6,6,0.352941176470588,17,1,0.352941176470588,NA,0,NA,1,0.352941176470588,6,3,0,0.5,0.5,11,17,0.5,0,0.272727272727273,0.352941176470588
"ZilionisLung","Lung","Human","DeepSeekCell-ConfidenceK","confidence-k",6,1,"bfcf72a93fe7e73573f3d2cbf363fba6","c7eec636d72ed4b97e183f7084455649",0,0,1929,5.07498812675476,0.00035826,1,8.9565e-05,17,6,6,0.352941176470588,17,1,0.352941176470588,NA,0,NA,1,0.352941176470588,6,4,0,0.666666666666667,0.666666666666667,11,17,0.666666666666667,0,0.363636363636364,0.352941176470588
"ZilionisLung","Lung","Human","DeepSeekCell-SelfRefined","evidence-k",6,1,"bfcf72a93fe7e73573f3d2cbf363fba6","39dc6e1df13f8f74dd9ccb1bef799566",0,0,1966,4.16128301620483,0.00036036,1,7.2072e-05,17,6,6,0.352941176470588,17,1,0.352941176470588,NA,0,NA,1,0.352941176470588,6,5,0,0.833333333333333,0.833333333333333,11,17,0.833333333333333,0,0.454545454545455,0.352941176470588
"ZilionisLung","Lung","Human","DeepSeekCell-FullRefined","full",17,1,"bfcf72a93fe7e73573f3d2cbf363fba6","c9795f6242ae67c02b67ba92c65f2374",0,0,4839,10.2616138458252,0.00090552,1,8.232e-05,17,17,17,1,17,1,1,NA,NA,NA,1,1,17,11,0,0.647058823529412,0.647058823529412,11,17,0.647058823529412,0,1,1
"PBMC","PBMC","Human","DeepSeekCell-RandomK","random-k",0,2,"9d36c00701939ec4eb4888a31655ef5c",NA,0,0,0,0,0,0,NA,8,0,0,0,0,NA,NA,1,1,NA,NA,NA,0,0,0,NA,NA,0,8,NA,NA,NA,0
"PBMC","PBMC","Human","DeepSeekCell-ConfidenceK","confidence-k",0,2,"9d36c00701939ec4eb4888a31655ef5c",NA,0,0,0,0,0,0,NA,8,0,0,0,0,NA,NA,1,1,NA,NA,NA,0,0,0,NA,NA,0,8,NA,NA,NA,0
"PBMC","PBMC","Human","DeepSeekCell-SelfRefined","evidence-k",0,2,"9d36c00701939ec4eb4888a31655ef5c",NA,0,0,0,0,0,0,NA,8,0,0,0,0,NA,NA,1,1,NA,NA,NA,0,0,0,NA,NA,0,8,NA,NA,NA,0
"PBMC","PBMC","Human","DeepSeekCell-FullRefined","full",8,2,"9d36c00701939ec4eb4888a31655ef5c","830a28cdfad4b4efe9aba77483dade9e",1940,863,2803,4.96266913414001,0.00051324,1,NA,8,8,8,1,0,0,NA,0,NA,NA,0,NA,0,0,0,0,NA,0,8,0,0,NA,1
"BaronPancreas","Pancreas","Human","DeepSeekCell-RandomK","random-k",0,2,"db1ed5bb8d39dd1fc23bcdc23db74d13",NA,0,0,0,0,0,0,NA,16,0,0,0,4,NA,0,1,0.75,NA,NA,0,0,0,0,NA,NA,0,16,NA,NA,NA,0
"BaronPancreas","Pancreas","Human","DeepSeekCell-ConfidenceK","confidence-k",0,2,"db1ed5bb8d39dd1fc23bcdc23db74d13",NA,0,0,0,0,0,0,NA,16,0,0,0,4,NA,0,1,0.75,NA,NA,0,0,0,0,NA,NA,0,16,NA,NA,NA,0
"BaronPancreas","Pancreas","Human","DeepSeekCell-SelfRefined","evidence-k",0,2,"db1ed5bb8d39dd1fc23bcdc23db74d13",NA,0,0,0,0,0,0,NA,16,0,0,0,4,NA,0,1,0.75,NA,NA,0,0,0,0,NA,NA,0,16,NA,NA,NA,0
"BaronPancreas","Pancreas","Human","DeepSeekCell-FullRefined","full",16,2,"db1ed5bb8d39dd1fc23bcdc23db74d13","179d8b0cf71b4183470900d9a2be5b65",3356,964,4320,6.63281202316284,0.00073976,1,NA,16,16,16,1,4,0.25,1,0,NA,NA,0.25,1,0,0,0,0,NA,0,16,0,0,NA,1
"MuraroPancreas","Pancreas","Human","DeepSeekCell-RandomK","random-k",0,2,"556248f95fbc3937c493b0586f19cfa2",NA,0,0,0,0,0,0,NA,11,0,0,0,2,NA,0,1,0.818181818181818,NA,NA,0,0,0,0,NA,NA,0,11,NA,NA,NA,0
"MuraroPancreas","Pancreas","Human","DeepSeekCell-ConfidenceK","confidence-k",0,2,"556248f95fbc3937c493b0586f19cfa2",NA,0,0,0,0,0,0,NA,11,0,0,0,2,NA,0,1,0.818181818181818,NA,NA,0,0,0,0,NA,NA,0,11,NA,NA,NA,0
"MuraroPancreas","Pancreas","Human","DeepSeekCell-SelfRefined","evidence-k",0,2,"556248f95fbc3937c493b0586f19cfa2",NA,0,0,0,0,0,0,NA,11,0,0,0,2,NA,0,1,0.818181818181818,NA,NA,0,0,0,0,NA,NA,0,11,NA,NA,NA,0
"MuraroPancreas","Pancreas","Human","DeepSeekCell-FullRefined","full",11,2,"556248f95fbc3937c493b0586f19cfa2","8b7b3f114409c100e5ce7bcf021ccd74",2474,773,3247,4.74068999290466,0.0005628,1,NA,11,11,11,1,2,0.181818181818182,1,0,NA,NA,0.181818181818182,1,0,0,0,0,NA,0,11,0,0,NA,1
"TasicBrain","Brain","Mouse","DeepSeekCell-RandomK","random-k",0,2,"ea9757f0baa3079bf1c5ed65aa0742a1",NA,0,0,0,0,0,0,NA,15,0,0,0,0,NA,NA,1,1,NA,NA,NA,0,0,0,NA,NA,0,15,NA,NA,NA,0
"TasicBrain","Brain","Mouse","DeepSeekCell-ConfidenceK","confidence-k",0,2,"ea9757f0baa3079bf1c5ed65aa0742a1",NA,0,0,0,0,0,0,NA,15,0,0,0,0,NA,NA,1,1,NA,NA,NA,0,0,0,NA,NA,0,15,NA,NA,NA,0
"TasicBrain","Brain","Mouse","DeepSeekCell-SelfRefined","evidence-k",0,2,"ea9757f0baa3079bf1c5ed65aa0742a1",NA,0,0,0,0,0,0,NA,15,0,0,0,0,NA,NA,1,1,NA,NA,NA,0,0,0,NA,NA,0,15,NA,NA,NA,0
"TasicBrain","Brain","Mouse","DeepSeekCell-FullRefined","full",15,2,"ea9757f0baa3079bf1c5ed65aa0742a1","ac8afe8bd57fcbda3c6526a02ab519a7",3317,1332,4649,7.37001204490662,0.00083734,1,NA,15,15,15,1,0,0,NA,0,NA,NA,0,NA,0,0,0,0,NA,0,15,0,0,NA,1
"ZeiselBrain","Brain","Mouse","DeepSeekCell-RandomK","random-k",1,2,"b4d9ccd58a222e82a0e11c34cf5ee177","a0560f81434923d73f8cdbfc6f2a2796",432,94,526,1.20037794113159,8.68e-05,1,NA,16,1,1,0.0625,5,1,0.2,1,0.733333333333333,0.382970843102535,1,0.2,0,0,0,0,NA,0,16,0,0,NA,0.0625
"ZeiselBrain","Brain","Mouse","DeepSeekCell-ConfidenceK","confidence-k",1,2,"b4d9ccd58a222e82a0e11c34cf5ee177","de0844b32c0d7f1e591c41ae83d722f9",422,99,521,1.34472608566284,8.68e-05,1,NA,16,1,1,0.0625,5,1,0.2,1,0.733333333333333,0.382970843102535,1,0.2,1,0,0,0,0,0,16,0,0,NA,0.0625
"ZeiselBrain","Brain","Mouse","DeepSeekCell-SelfRefined","evidence-k",1,2,"b4d9ccd58a222e82a0e11c34cf5ee177","583fa4b01015ebb56fcdb86d464213f6",453,101,554,1.15507102012634,9.17e-05,1,9.17e-05,16,1,1,0.0625,5,1,0.2,1,0.733333333333333,0.382970843102535,1,0.2,1,1,0,1,1,0,16,1,0,NA,0.0625
"ZeiselBrain","Brain","Mouse","DeepSeekCell-FullRefined","full",16,2,"b4d9ccd58a222e82a0e11c34cf5ee177","c0429c86a8e534fa847b91ddb4e273f8",3576,1360,4936,7.40386509895325,0.00088144,1,NA,16,16,16,1,5,0.3125,1,0,NA,NA,0.3125,1,0,0,0,0,NA,0,16,0,0,NA,1
"ZilionisLung","Lung","Human","DeepSeekCell-RandomK","random-k",1,2,"917e66349cb243ec21edfb13af95e7b1","91f91f44cb76cae490f102fe745520c7",452,98,550,1.46168899536133,9.072e-05,1,NA,16,1,1,0.0625,8,0,0,0.875,0.466666666666667,-0.258198889747161,0,0,0,0,0,0,NA,0,16,0,0,NA,0.0625
"ZilionisLung","Lung","Human","DeepSeekCell-ConfidenceK","confidence-k",1,2,"917e66349cb243ec21edfb13af95e7b1","21e6a77f7f87724f604ed0edcac1fdc8",330,96,426,1.78193807601929,7.308e-05,1,NA,16,1,1,0.0625,8,1,0.125,1,0.533333333333333,0.258198889747161,1,0.125,1,0,0,0,0,0,16,0,0,NA,0.0625
"ZilionisLung","Lung","Human","DeepSeekCell-SelfRefined","evidence-k",1,2,"917e66349cb243ec21edfb13af95e7b1","c837b1fcde03c91f29391087214419fd",450,114,564,1.50174593925476,9.492e-05,1,9.492e-05,16,1,1,0.0625,8,1,0.125,1,0.533333333333333,0.258198889747161,1,0.125,1,1,0,1,1,0,16,1,0,NA,0.0625
"ZilionisLung","Lung","Human","DeepSeekCell-FullRefined","full",16,2,"917e66349cb243ec21edfb13af95e7b1","f5d5ab8be4d56828d9b298b032fb98e5",3428,1273,4701,7.297926902771,0.00083636,1,NA,16,16,16,1,8,0.5,1,0,NA,NA,0.5,1,0,0,0,0,NA,0,16,0,0,NA,1
"PBMC","PBMC","Human","DeepSeekCell-RandomK","random-k",0,3,"4bdbed9ba05889cbd7ab9417bb71a733",NA,0,0,0,0,0,0,NA,8,0,0,0,0,NA,NA,1,1,NA,NA,NA,0,0,0,NA,NA,0,8,NA,NA,NA,0
"PBMC","PBMC","Human","DeepSeekCell-ConfidenceK","confidence-k",0,3,"4bdbed9ba05889cbd7ab9417bb71a733",NA,0,0,0,0,0,0,NA,8,0,0,0,0,NA,NA,1,1,NA,NA,NA,0,0,0,NA,NA,0,8,NA,NA,NA,0
"PBMC","PBMC","Human","DeepSeekCell-SelfRefined","evidence-k",0,3,"4bdbed9ba05889cbd7ab9417bb71a733",NA,0,0,0,0,0,0,NA,8,0,0,0,0,NA,NA,1,1,NA,NA,NA,0,0,0,NA,NA,0,8,NA,NA,NA,0
"PBMC","PBMC","Human","DeepSeekCell-FullRefined","full",8,3,"4bdbed9ba05889cbd7ab9417bb71a733","88b166f4fb3aead6cb8ff85af1c74f3b",1913,631,2544,4.54604983329773,0.0004445,1,NA,8,8,8,1,0,0,NA,0,NA,NA,0,NA,0,0,0,0,NA,0,8,0,0,NA,1
"BaronPancreas","Pancreas","Human","DeepSeekCell-RandomK","random-k",0,3,"92adeecc6f51ab177128d5a4a783a115",NA,0,0,0,0,0,0,NA,16,0,0,0,4,NA,0,1,0.75,NA,NA,0,0,0,0,NA,NA,0,16,NA,NA,NA,0
"BaronPancreas","Pancreas","Human","DeepSeekCell-ConfidenceK","confidence-k",0,3,"92adeecc6f51ab177128d5a4a783a115",NA,0,0,0,0,0,0,NA,16,0,0,0,4,NA,0,1,0.75,NA,NA,0,0,0,0,NA,NA,0,16,NA,NA,NA,0
"BaronPancreas","Pancreas","Human","DeepSeekCell-SelfRefined","evidence-k",0,3,"92adeecc6f51ab177128d5a4a783a115",NA,0,0,0,0,0,0,NA,16,0,0,0,4,NA,0,1,0.75,NA,NA,0,0,0,0,NA,NA,0,16,NA,NA,NA,0
"BaronPancreas","Pancreas","Human","DeepSeekCell-FullRefined","full",16,3,"92adeecc6f51ab177128d5a4a783a115","f93e0ce2170dd866a7304157a68e8b76",3450,1121,4571,7.28118920326233,0.00079688,1,NA,16,16,16,1,4,0.25,1,0,NA,NA,0.25,1,0,0,0,0,NA,0,16,0,0,NA,1
"MuraroPancreas","Pancreas","Human","DeepSeekCell-RandomK","random-k",0,3,"475c46e716003f09f35f6570c38fc0e3",NA,0,0,0,0,0,0,NA,11,0,0,0,2,NA,0,1,0.818181818181818,NA,NA,0,0,0,0,NA,NA,0,11,NA,NA,NA,0
"MuraroPancreas","Pancreas","Human","DeepSeekCell-ConfidenceK","confidence-k",0,3,"475c46e716003f09f35f6570c38fc0e3",NA,0,0,0,0,0,0,NA,11,0,0,0,2,NA,0,1,0.818181818181818,NA,NA,0,0,0,0,NA,NA,0,11,NA,NA,NA,0
"MuraroPancreas","Pancreas","Human","DeepSeekCell-SelfRefined","evidence-k",0,3,"475c46e716003f09f35f6570c38fc0e3",NA,0,0,0,0,0,0,NA,11,0,0,0,2,NA,0,1,0.818181818181818,NA,NA,0,0,0,0,NA,NA,0,11,NA,NA,NA,0
"MuraroPancreas","Pancreas","Human","DeepSeekCell-FullRefined","full",11,3,"475c46e716003f09f35f6570c38fc0e3","445f7ed0e8757ae1b4c00cbc5a606afa",2536,1183,3719,6.44893908500671,0.00068628,1,NA,11,11,11,1,2,0.181818181818182,1,0,NA,NA,0.181818181818182,1,0,0,0,0,NA,0,11,0,0,NA,1
"TasicBrain","Brain","Mouse","DeepSeekCell-RandomK","random-k",0,3,"be2011ced8bc8080b9573664284000e1",NA,0,0,0,0,0,0,NA,15,0,0,0,0,NA,NA,1,1,NA,NA,NA,0,0,0,NA,NA,0,15,NA,NA,NA,0
"TasicBrain","Brain","Mouse","DeepSeekCell-ConfidenceK","confidence-k",0,3,"be2011ced8bc8080b9573664284000e1",NA,0,0,0,0,0,0,NA,15,0,0,0,0,NA,NA,1,1,NA,NA,NA,0,0,0,NA,NA,0,15,NA,NA,NA,0
"TasicBrain","Brain","Mouse","DeepSeekCell-SelfRefined","evidence-k",0,3,"be2011ced8bc8080b9573664284000e1",NA,0,0,0,0,0,0,NA,15,0,0,0,0,NA,NA,1,1,NA,NA,NA,0,0,0,NA,NA,0,15,NA,NA,NA,0
"TasicBrain","Brain","Mouse","DeepSeekCell-FullRefined","full",15,3,"be2011ced8bc8080b9573664284000e1","aafcd2fddb029263547af55730678669",3321,1049,4370,5.40177798271179,0.00075866,1,NA,15,15,15,1,0,0,NA,0,NA,NA,0,NA,0,0,0,0,NA,0,15,0,0,NA,1
"ZeiselBrain","Brain","Mouse","DeepSeekCell-RandomK","random-k",1,3,"e388ee60b99d71e54503b7400fc192c6","709ba0977821d14118b8289aea3f5156",454,74,528,1.01805281639099,8.428e-05,1,NA,16,1,1,0.0625,5,0,0,0.909090909090909,0.666666666666667,-0.174077655955698,0,0,0,0,0,0,NA,0,16,0,0,NA,0.0625
"ZeiselBrain","Brain","Mouse","DeepSeekCell-ConfidenceK","confidence-k",1,3,"e388ee60b99d71e54503b7400fc192c6","93d85f30dcaec6a61ef9c1aab9c5e6a4",423,98,521,1.2701997756958,8.666e-05,1,NA,16,1,1,0.0625,5,1,0.2,1,0.733333333333333,0.382970843102535,1,0.2,1,0,0,0,0,0,16,0,0,NA,0.0625
"ZeiselBrain","Brain","Mouse","DeepSeekCell-SelfRefined","evidence-k",1,3,"e388ee60b99d71e54503b7400fc192c6","05d02217c9432af72722ccdd5b7f7d6a",452,119,571,1.34629797935486,9.66e-05,1,9.66e-05,16,1,1,0.0625,5,1,0.2,1,0.733333333333333,0.382970843102535,1,0.2,1,1,0,1,1,0,16,1,0,NA,0.0625
"ZeiselBrain","Brain","Mouse","DeepSeekCell-FullRefined","full",16,3,"e388ee60b99d71e54503b7400fc192c6","3e1ae3bd7390546220b9ccf2a68116c8",3631,1741,5372,8.22534608840942,0.00099582,1,NA,16,16,16,1,5,0.3125,1,0,NA,NA,0.3125,1,0,0,0,0,NA,0,16,0,0,NA,1
"ZilionisLung","Lung","Human","DeepSeekCell-RandomK","random-k",6,3,"625fafc8c9eed9a86992ca6dfdc03c88","7139e78618078e5fdc968024e1cadf8f",1311,799,2110,5.50324296951294,0.00040726,1,6.78766666666667e-05,18,6,6,0.333333333333333,18,1,0.333333333333333,NA,0,NA,1,0.333333333333333,6,6,0,1,1,11,18,1,0,0.545454545454545,0.333333333333333
"ZilionisLung","Lung","Human","DeepSeekCell-ConfidenceK","confidence-k",6,3,"625fafc8c9eed9a86992ca6dfdc03c88","f0f3bba5413a6364876bce14a0a55d64",1300,699,1999,5.01730012893677,0.00037772,1,0.000125906666666667,18,6,6,0.333333333333333,18,1,0.333333333333333,NA,0,NA,1,0.333333333333333,6,3,0,0.5,0.5,11,18,0.5,0,0.272727272727273,0.333333333333333
"ZilionisLung","Lung","Human","DeepSeekCell-SelfRefined","evidence-k",6,3,"625fafc8c9eed9a86992ca6dfdc03c88","d582f551b44c3d1654edbcae8ff2e740",1357,614,1971,3.56481599807739,0.0003619,1,9.0475e-05,18,6,6,0.333333333333333,18,1,0.333333333333333,NA,0,NA,1,0.333333333333333,6,4,0,0.666666666666667,0.666666666666667,11,18,0.666666666666667,0,0.363636363636364,0.333333333333333
"ZilionisLung","Lung","Human","DeepSeekCell-FullRefined","full",18,3,"625fafc8c9eed9a86992ca6dfdc03c88","db0b76f8c5dd1fbbda92769f482bae9f",3381,1775,5156,9.06753706932068,0.00097034,1,8.82127272727273e-05,18,18,18,1,18,1,1,NA,NA,NA,1,1,18,11,0,0.611111111111111,0.611111111111111,11,18,0.611111111111111,0,1,1
