"Dataset","Tissue","Species","Method","Replicate","RefinementSelector","RefinementBudgetK","ConfidenceColumn","Brier","BinaryCorrectnessNLL","NLL","ECE","AUROC","AURC","MeanConfidence","Accuracy","CoverageAt0.7","CoverageAt0.8","CoverageAt0.9","AccuracyAt0.7","AccuracyAt0.8","AccuracyAt0.9"
"PBMC","PBMC","Human","DeepSeek-Plain",1,"none",0,"LLMConfidence",0.0025,0.0512932943875506,0.0512932943875506,0.05,NA,0,0.95,1,1,1,1,1,1,1
"PBMC","PBMC","Human","DeepSeekCell-Evidence",1,"none",0,"LLMConfidence",0.0025,0.0512932943875506,0.0512932943875506,0.05,NA,0,0.95,1,1,1,1,1,1,1
"PBMC","PBMC","Human","DeepSeekCell-Calibrated",1,"none",0,"Confidence",0.022003375,0.154799325178064,0.154799325178064,0.142375,NA,0,0.857625,1,1,0.875,0,1,1,NA
"PBMC","PBMC","Human","DeepSeekCell-SelfRefined",1,"evidence-k",0,"Confidence",0.022003375,0.154799325178064,0.154799325178064,0.142375,NA,0,0.857625,1,1,0.875,0,1,1,NA
"PBMC","PBMC","Human","DeepSeekCell-RandomK",1,"random-k",0,"Confidence",0.022003375,0.154799325178064,0.154799325178064,0.142375,NA,0,0.857625,1,1,0.875,0,1,1,NA
"PBMC","PBMC","Human","DeepSeekCell-ConfidenceK",1,"confidence-k",0,"Confidence",0.022003375,0.154799325178064,0.154799325178064,0.142375,NA,0,0.857625,1,1,0.875,0,1,1,NA
"PBMC","PBMC","Human","DeepSeekCell-FullRefined",1,"full",8,"Confidence",0.022003375,0.154799325178064,0.154799325178064,0.142375,NA,0,0.857625,1,1,0.875,0,1,1,NA
"BaronPancreas","Pancreas","Human","DeepSeek-Plain",1,"none",0,"LLMConfidence",0.1259375,0.367486218648233,0.367486218648233,0.2125,1,0.018656994047619,0.9,0.8125,1,1,0.6875,0.8125,0.8125,1
"BaronPancreas","Pancreas","Human","DeepSeekCell-Evidence",1,"none",0,"LLMConfidence",0.1259375,0.367486218648233,0.367486218648233,0.2125,1,0.018656994047619,0.9,0.8125,1,1,0.6875,0.8125,0.8125,1
"BaronPancreas","Pancreas","Human","DeepSeekCell-Calibrated",1,"none",0,"Confidence",0.1464088125,0.458979935879994,0.458979935879994,0.2303125,0.846153846153846,0.0465759500915751,0.8131875,0.8125,1,0.6875,0.0625,0.8125,1,1
"BaronPancreas","Pancreas","Human","DeepSeekCell-SelfRefined",1,"evidence-k",0,"Confidence",0.1464088125,0.458979935879994,0.458979935879994,0.2303125,0.846153846153846,0.0465759500915751,0.8131875,0.8125,1,0.6875,0.0625,0.8125,1,1
"BaronPancreas","Pancreas","Human","DeepSeekCell-RandomK",1,"random-k",0,"Confidence",0.1464088125,0.458979935879994,0.458979935879994,0.2303125,0.846153846153846,0.0465759500915751,0.8131875,0.8125,1,0.6875,0.0625,0.8125,1,1
"BaronPancreas","Pancreas","Human","DeepSeekCell-ConfidenceK",1,"confidence-k",0,"Confidence",0.1464088125,0.458979935879994,0.458979935879994,0.2303125,0.846153846153846,0.0465759500915751,0.8131875,0.8125,1,0.6875,0.0625,0.8125,1,1
"BaronPancreas","Pancreas","Human","DeepSeekCell-FullRefined",1,"full",16,"Confidence",0.124116,0.398615410369062,0.398615410369062,0.2155,1,0.018656994047619,0.798375,0.8125,1,0.6875,0.0625,0.8125,1,1
"MuraroPancreas","Pancreas","Human","DeepSeek-Plain",1,"none",0,"LLMConfidence",0.119318181818182,0.412632319208782,0.412632319208782,0.131818181818182,0.694444444444444,0.0388200183654729,0.904545454545455,0.818181818181818,0.909090909090909,0.909090909090909,0.818181818181818,0.9,0.9,0.888888888888889
"MuraroPancreas","Pancreas","Human","DeepSeekCell-Evidence",1,"none",0,"LLMConfidence",0.119318181818182,0.412632319208782,0.412632319208782,0.131818181818182,0.694444444444444,0.0388200183654729,0.904545454545455,0.818181818181818,0.909090909090909,0.909090909090909,0.818181818181818,0.9,0.9,0.888888888888889
"MuraroPancreas","Pancreas","Human","DeepSeekCell-Calibrated",1,"none",0,"Confidence",0.124698454545455,0.425251314310098,0.425251314310098,0.131727272727273,0.555555555555556,0.183625213170668,0.775545454545455,0.818181818181818,0.818181818181818,0.636363636363636,0,0.888888888888889,0.857142857142857,NA
"MuraroPancreas","Pancreas","Human","DeepSeekCell-SelfRefined",1,"evidence-k",0,"Confidence",0.124698454545455,0.425251314310098,0.425251314310098,0.131727272727273,0.555555555555556,0.183625213170668,0.775545454545455,0.818181818181818,0.818181818181818,0.636363636363636,0,0.888888888888889,0.857142857142857,NA
"MuraroPancreas","Pancreas","Human","DeepSeekCell-RandomK",1,"random-k",0,"Confidence",0.124698454545455,0.425251314310098,0.425251314310098,0.131727272727273,0.555555555555556,0.183625213170668,0.775545454545455,0.818181818181818,0.818181818181818,0.636363636363636,0,0.888888888888889,0.857142857142857,NA
"MuraroPancreas","Pancreas","Human","DeepSeekCell-ConfidenceK",1,"confidence-k",0,"Confidence",0.124698454545455,0.425251314310098,0.425251314310098,0.131727272727273,0.555555555555556,0.183625213170668,0.775545454545455,0.818181818181818,0.818181818181818,0.636363636363636,0,0.888888888888889,0.857142857142857,NA
"MuraroPancreas","Pancreas","Human","DeepSeekCell-FullRefined",1,"full",11,"Confidence",0.129873454545455,0.435625251288954,0.435625251288954,0.136727272727273,0.555555555555556,0.183625213170668,0.780545454545455,0.818181818181818,0.818181818181818,0.636363636363636,0,0.888888888888889,0.857142857142857,NA
"TasicBrain","Brain","Mouse","DeepSeek-Plain",1,"none",0,"LLMConfidence",0.0128333333333333,0.0975016794643593,0.0975016794643593,0.09,NA,0,0.91,1,1,0.933333333333333,0.733333333333333,1,1,1
"TasicBrain","Brain","Mouse","DeepSeekCell-Evidence",1,"none",0,"LLMConfidence",0.0128333333333333,0.0975016794643593,0.0975016794643593,0.09,NA,0,0.91,1,1,0.933333333333333,0.733333333333333,1,1,1
"TasicBrain","Brain","Mouse","DeepSeekCell-Calibrated",1,"none",0,"Confidence",0.0309274,0.186131708638145,0.186131708638145,0.168333333333333,NA,0,0.831666666666667,1,1,0.666666666666667,0.133333333333333,1,1,1
"TasicBrain","Brain","Mouse","DeepSeekCell-SelfRefined",1,"evidence-k",0,"Confidence",0.0309274,0.186131708638145,0.186131708638145,0.168333333333333,NA,0,0.831666666666667,1,1,0.666666666666667,0.133333333333333,1,1,1
"TasicBrain","Brain","Mouse","DeepSeekCell-RandomK",1,"random-k",0,"Confidence",0.0309274,0.186131708638145,0.186131708638145,0.168333333333333,NA,0,0.831666666666667,1,1,0.666666666666667,0.133333333333333,1,1,1
"TasicBrain","Brain","Mouse","DeepSeekCell-ConfidenceK",1,"confidence-k",0,"Confidence",0.0309274,0.186131708638145,0.186131708638145,0.168333333333333,NA,0,0.831666666666667,1,1,0.666666666666667,0.133333333333333,1,1,1
"TasicBrain","Brain","Mouse","DeepSeekCell-FullRefined",1,"full",15,"Confidence",0.0309274,0.186131708638145,0.186131708638145,0.168333333333333,NA,0,0.831666666666667,1,1,0.666666666666667,0.133333333333333,1,1,1
"ZeiselBrain","Brain","Mouse","DeepSeek-Plain",1,"none",0,"LLMConfidence",0.2454375,0.80709366968636,0.80709366968636,0.2375,0.718181818181818,0.20283904463592,0.925,0.6875,1,0.9375,0.875,0.6875,0.733333333333333,0.785714285714286
"ZeiselBrain","Brain","Mouse","DeepSeekCell-Evidence",1,"none",0,"LLMConfidence",0.2454375,0.80709366968636,0.80709366968636,0.2375,0.718181818181818,0.20283904463592,0.925,0.6875,1,0.9375,0.875,0.6875,0.733333333333333,0.785714285714286
"ZeiselBrain","Brain","Mouse","DeepSeekCell-Calibrated",1,"none",0,"Confidence",0.194875375,0.563536922417144,0.563536922417144,0.173625,0.8,0.1063631247225,0.8315,0.6875,0.9375,0.6875,0.25,0.733333333333333,0.727272727272727,1
"ZeiselBrain","Brain","Mouse","DeepSeekCell-SelfRefined",1,"evidence-k",1,"Confidence",0.1637213125,0.49333579120025,0.49333579120025,0.2000625,0.770833333333333,0.0813670704295704,0.8405625,0.75,0.9375,0.75,0.25,0.8,0.75,1
"ZeiselBrain","Brain","Mouse","DeepSeekCell-RandomK",1,"random-k",1,"Confidence",0.194875375,0.563536922417144,0.563536922417144,0.173625,0.8,0.1063631247225,0.8315,0.6875,0.9375,0.6875,0.25,0.733333333333333,0.727272727272727,1
"ZeiselBrain","Brain","Mouse","DeepSeekCell-ConfidenceK",1,"confidence-k",1,"Confidence",0.2105156875,0.597636499061151,0.597636499061151,0.1861875,0.8,0.1063631247225,0.8440625,0.6875,1,0.6875,0.25,0.6875,0.727272727272727,1
"ZeiselBrain","Brain","Mouse","DeepSeekCell-FullRefined",1,"full",16,"Confidence",0.2007216875,0.57545723289154,0.57545723289154,0.1788125,0.8,0.1063631247225,0.8366875,0.6875,0.9375,0.6875,0.25,0.733333333333333,0.727272727272727,1
"ZilionisLung","Lung","Human","DeepSeek-Plain",1,"none",0,"LLMConfidence",0.25,0.693147180559945,0.693147180559945,0.5,NA,0.970588235294118,0.5,0,0,0,0,NA,NA,NA
"ZilionisLung","Lung","Human","DeepSeekCell-Evidence",1,"none",0,"LLMConfidence",0.25,0.693147180559945,0.693147180559945,0.5,NA,0.970588235294118,0.5,0,0,0,0,NA,NA,NA
"ZilionisLung","Lung","Human","DeepSeekCell-Calibrated",1,"none",0,"Confidence",0.192354647058824,0.57562802909128,0.57562802909128,0.433352941176471,NA,0.970588235294118,0.433352941176471,0,0,0,0,NA,NA,NA
"ZilionisLung","Lung","Human","DeepSeekCell-SelfRefined",1,"evidence-k",6,"Confidence",0.186651470588235,0.545605593493381,0.545605593493381,0.351117647058824,1,0.345056639823076,0.614058823529412,0.294117647058824,0.352941176470588,0.352941176470588,0.176470588235294,0.833333333333333,0.833333333333333,1
"ZilionisLung","Lung","Human","DeepSeekCell-RandomK",1,"random-k",6,"Confidence",0.225551882352941,0.640972704103476,0.640972704103476,0.434352941176471,0.976190476190476,0.535465356442865,0.564941176470588,0.176470588235294,0.352941176470588,0.176470588235294,0.117647058823529,0.5,0.666666666666667,1
"ZilionisLung","Lung","Human","DeepSeekCell-ConfidenceK",1,"confidence-k",6,"Confidence",0.195387882352941,0.579766870571352,0.579766870571352,0.334941176470588,1,0.423104135387872,0.563294117647059,0.235294117647059,0.352941176470588,0.294117647058824,0.0588235294117647,0.666666666666667,0.8,1
"ZilionisLung","Lung","Human","DeepSeekCell-FullRefined",1,"full",17,"Confidence",0.255395176470588,0.714654777341402,0.714654777341402,0.25,0.621212121212121,0.212125446641018,0.840705882352941,0.647058823529412,0.941176470588235,0.823529411764706,0.176470588235294,0.625,0.642857142857143,1
"PBMC","PBMC","Human","DeepSeek-Plain",2,"none",0,"LLMConfidence",0.0025,0.0512932943875506,0.0512932943875506,0.05,NA,0,0.95,1,1,1,1,1,1,1
"PBMC","PBMC","Human","DeepSeekCell-Evidence",2,"none",0,"LLMConfidence",0.0025,0.0512932943875506,0.0512932943875506,0.05,NA,0,0.95,1,1,1,1,1,1,1
"PBMC","PBMC","Human","DeepSeekCell-Calibrated",2,"none",0,"Confidence",0.022003375,0.154799325178064,0.154799325178064,0.142375,NA,0,0.857625,1,1,0.875,0,1,1,NA
"PBMC","PBMC","Human","DeepSeekCell-SelfRefined",2,"evidence-k",0,"Confidence",0.022003375,0.154799325178064,0.154799325178064,0.142375,NA,0,0.857625,1,1,0.875,0,1,1,NA
"PBMC","PBMC","Human","DeepSeekCell-RandomK",2,"random-k",0,"Confidence",0.022003375,0.154799325178064,0.154799325178064,0.142375,NA,0,0.857625,1,1,0.875,0,1,1,NA
"PBMC","PBMC","Human","DeepSeekCell-ConfidenceK",2,"confidence-k",0,"Confidence",0.022003375,0.154799325178064,0.154799325178064,0.142375,NA,0,0.857625,1,1,0.875,0,1,1,NA
"PBMC","PBMC","Human","DeepSeekCell-FullRefined",2,"full",8,"Confidence",0.022003375,0.154799325178064,0.154799325178064,0.142375,NA,0,0.857625,1,1,0.875,0,1,1,NA
"BaronPancreas","Pancreas","Human","DeepSeek-Plain",2,"none",0,"LLMConfidence",0.17960625,0.506029558590832,0.506029558590832,0.200625,0.96875,0.0392570970695971,0.911875,0.75,1,1,0.6875,0.75,0.75,1
"BaronPancreas","Pancreas","Human","DeepSeekCell-Evidence",2,"none",0,"LLMConfidence",0.17960625,0.506029558590832,0.506029558590832,0.200625,0.96875,0.0392570970695971,0.911875,0.75,1,1,0.6875,0.75,0.75,1
"BaronPancreas","Pancreas","Human","DeepSeekCell-Calibrated",2,"none",0,"Confidence",0.1884436875,0.55959133102819,0.55959133102819,0.0726875,0.833333333333333,0.0728578712953713,0.8165625,0.75,1,0.8125,0.0625,0.75,0.769230769230769,1
"BaronPancreas","Pancreas","Human","DeepSeekCell-SelfRefined",2,"evidence-k",0,"Confidence",0.1884436875,0.55959133102819,0.55959133102819,0.0726875,0.833333333333333,0.0728578712953713,0.8165625,0.75,1,0.8125,0.0625,0.75,0.769230769230769,1
"BaronPancreas","Pancreas","Human","DeepSeekCell-RandomK",2,"random-k",0,"Confidence",0.1884436875,0.55959133102819,0.55959133102819,0.0726875,0.833333333333333,0.0728578712953713,0.8165625,0.75,1,0.8125,0.0625,0.75,0.769230769230769,1
"BaronPancreas","Pancreas","Human","DeepSeekCell-ConfidenceK",2,"confidence-k",0,"Confidence",0.1884436875,0.55959133102819,0.55959133102819,0.0726875,0.833333333333333,0.0728578712953713,0.8165625,0.75,1,0.8125,0.0625,0.75,0.769230769230769,1
"BaronPancreas","Pancreas","Human","DeepSeekCell-FullRefined",2,"full",16,"Confidence",0.1884436875,0.55959133102819,0.55959133102819,0.0726875,0.833333333333333,0.0728578712953713,0.8165625,0.75,1,0.8125,0.0625,0.75,0.769230769230769,1
"MuraroPancreas","Pancreas","Human","DeepSeek-Plain",2,"none",0,"LLMConfidence",0.119318181818182,0.412632319208782,0.412632319208782,0.131818181818182,0.694444444444444,0.0388200183654729,0.904545454545455,0.818181818181818,0.909090909090909,0.909090909090909,0.818181818181818,0.9,0.9,0.888888888888889
"MuraroPancreas","Pancreas","Human","DeepSeekCell-Evidence",2,"none",0,"LLMConfidence",0.119318181818182,0.412632319208782,0.412632319208782,0.131818181818182,0.694444444444444,0.0388200183654729,0.904545454545455,0.818181818181818,0.909090909090909,0.909090909090909,0.818181818181818,0.9,0.9,0.888888888888889
"MuraroPancreas","Pancreas","Human","DeepSeekCell-Calibrated",2,"none",0,"Confidence",0.124698454545455,0.425251314310098,0.425251314310098,0.131727272727273,0.555555555555556,0.183625213170668,0.775545454545455,0.818181818181818,0.818181818181818,0.636363636363636,0,0.888888888888889,0.857142857142857,NA
"MuraroPancreas","Pancreas","Human","DeepSeekCell-SelfRefined",2,"evidence-k",0,"Confidence",0.124698454545455,0.425251314310098,0.425251314310098,0.131727272727273,0.555555555555556,0.183625213170668,0.775545454545455,0.818181818181818,0.818181818181818,0.636363636363636,0,0.888888888888889,0.857142857142857,NA
"MuraroPancreas","Pancreas","Human","DeepSeekCell-RandomK",2,"random-k",0,"Confidence",0.124698454545455,0.425251314310098,0.425251314310098,0.131727272727273,0.555555555555556,0.183625213170668,0.775545454545455,0.818181818181818,0.818181818181818,0.636363636363636,0,0.888888888888889,0.857142857142857,NA
"MuraroPancreas","Pancreas","Human","DeepSeekCell-ConfidenceK",2,"confidence-k",0,"Confidence",0.124698454545455,0.425251314310098,0.425251314310098,0.131727272727273,0.555555555555556,0.183625213170668,0.775545454545455,0.818181818181818,0.818181818181818,0.636363636363636,0,0.888888888888889,0.857142857142857,NA
"MuraroPancreas","Pancreas","Human","DeepSeekCell-FullRefined",2,"full",11,"Confidence",0.129873454545455,0.435625251288954,0.435625251288954,0.136727272727273,0.555555555555556,0.183625213170668,0.780545454545455,0.818181818181818,0.818181818181818,0.636363636363636,0,0.888888888888889,0.857142857142857,NA
"TasicBrain","Brain","Mouse","DeepSeek-Plain",2,"none",0,"LLMConfidence",0.0128333333333333,0.0975016794643593,0.0975016794643593,0.09,NA,0,0.91,1,1,0.933333333333333,0.733333333333333,1,1,1
"TasicBrain","Brain","Mouse","DeepSeekCell-Evidence",2,"none",0,"LLMConfidence",0.0128333333333333,0.0975016794643593,0.0975016794643593,0.09,NA,0,0.91,1,1,0.933333333333333,0.733333333333333,1,1,1
"TasicBrain","Brain","Mouse","DeepSeekCell-Calibrated",2,"none",0,"Confidence",0.0309274,0.186131708638145,0.186131708638145,0.168333333333333,NA,0,0.831666666666667,1,1,0.666666666666667,0.133333333333333,1,1,1
"TasicBrain","Brain","Mouse","DeepSeekCell-SelfRefined",2,"evidence-k",0,"Confidence",0.0309274,0.186131708638145,0.186131708638145,0.168333333333333,NA,0,0.831666666666667,1,1,0.666666666666667,0.133333333333333,1,1,1
"TasicBrain","Brain","Mouse","DeepSeekCell-RandomK",2,"random-k",0,"Confidence",0.0309274,0.186131708638145,0.186131708638145,0.168333333333333,NA,0,0.831666666666667,1,1,0.666666666666667,0.133333333333333,1,1,1
"TasicBrain","Brain","Mouse","DeepSeekCell-ConfidenceK",2,"confidence-k",0,"Confidence",0.0309274,0.186131708638145,0.186131708638145,0.168333333333333,NA,0,0.831666666666667,1,1,0.666666666666667,0.133333333333333,1,1,1
"TasicBrain","Brain","Mouse","DeepSeekCell-FullRefined",2,"full",15,"Confidence",0.0309274,0.186131708638145,0.186131708638145,0.168333333333333,NA,0,0.831666666666667,1,1,0.666666666666667,0.133333333333333,1,1,1
"ZeiselBrain","Brain","Mouse","DeepSeek-Plain",2,"none",0,"LLMConfidence",0.23718125,0.787170378466247,0.787170378466247,0.233125,0.736363636363636,0.20283904463592,0.920625,0.6875,0.9375,0.9375,0.875,0.733333333333333,0.733333333333333,0.785714285714286
"ZeiselBrain","Brain","Mouse","DeepSeekCell-Evidence",2,"none",0,"LLMConfidence",0.23718125,0.787170378466247,0.787170378466247,0.233125,0.736363636363636,0.20283904463592,0.920625,0.6875,0.9375,0.9375,0.875,0.733333333333333,0.733333333333333,0.785714285714286
"ZeiselBrain","Brain","Mouse","DeepSeekCell-Calibrated",2,"none",0,"Confidence",0.192680125,0.558762696892187,0.558762696892187,0.17225,0.809090909090909,0.1063631247225,0.830125,0.6875,0.9375,0.6875,0.25,0.733333333333333,0.727272727272727,1
"ZeiselBrain","Brain","Mouse","DeepSeekCell-SelfRefined",2,"evidence-k",1,"Confidence",0.1615260625,0.488561565675293,0.488561565675293,0.1986875,0.78125,0.0813670704295704,0.8391875,0.75,0.9375,0.75,0.25,0.8,0.75,1
"ZeiselBrain","Brain","Mouse","DeepSeekCell-RandomK",2,"random-k",1,"Confidence",0.192680125,0.558762696892187,0.558762696892187,0.17225,0.809090909090909,0.1063631247225,0.830125,0.6875,0.9375,0.6875,0.25,0.733333333333333,0.727272727272727,1
"ZeiselBrain","Brain","Mouse","DeepSeekCell-ConfidenceK",2,"confidence-k",1,"Confidence",0.2087379375,0.592977407478347,0.592977407478347,0.1856875,0.809090909090909,0.1063631247225,0.8435625,0.6875,1,0.6875,0.25,0.6875,0.727272727272727,1
"ZeiselBrain","Brain","Mouse","DeepSeekCell-FullRefined",2,"full",16,"Confidence",0.1962379375,0.565894778565151,0.565894778565151,0.1756875,0.809090909090909,0.1063631247225,0.8335625,0.6875,0.9375,0.6875,0.25,0.733333333333333,0.727272727272727,1
"ZilionisLung","Lung","Human","DeepSeek-Plain",2,"none",0,"LLMConfidence",0.365625,1.10844929607921,1.10844929607921,0.40625,0.75,0.206384934509935,0.88125,0.5,0.9375,0.875,0.8125,0.533333333333333,0.571428571428571,0.538461538461538
"ZilionisLung","Lung","Human","DeepSeekCell-Evidence",2,"none",0,"LLMConfidence",0.365625,1.10844929607921,1.10844929607921,0.40625,0.75,0.206384934509935,0.88125,0.5,0.9375,0.875,0.8125,0.533333333333333,0.571428571428571,0.538461538461538
"ZilionisLung","Lung","Human","DeepSeekCell-Calibrated",2,"none",0,"Confidence",0.3105616875,0.862892167079279,0.862892167079279,0.3889375,0.5546875,0.399148941336441,0.7814375,0.5,0.8125,0.625,0.0625,0.615384615384615,0.5,1
"ZilionisLung","Lung","Human","DeepSeekCell-SelfRefined",2,"evidence-k",1,"Confidence",0.282468375,0.798430480653009,0.798430480653009,0.3525,0.547619047619048,0.324948792526918,0.79575,0.5625,0.875,0.6875,0.125,0.642857142857143,0.545454545454545,1
"ZilionisLung","Lung","Human","DeepSeekCell-RandomK",2,"random-k",1,"Confidence",0.3105616875,0.862892167079279,0.862892167079279,0.3889375,0.5546875,0.399148941336441,0.7814375,0.5,0.8125,0.625,0.0625,0.615384615384615,0.5,1
"ZilionisLung","Lung","Human","DeepSeekCell-ConfidenceK",2,"confidence-k",1,"Confidence",0.3366385,0.926533145737457,0.926533145737457,0.4085,0.4765625,0.42804122960373,0.801,0.5,0.875,0.6875,0.0625,0.571428571428571,0.454545454545455,1
"ZilionisLung","Lung","Human","DeepSeekCell-FullRefined",2,"full",16,"Confidence",0.3105616875,0.862892167079279,0.862892167079279,0.3889375,0.5546875,0.399148941336441,0.7814375,0.5,0.8125,0.625,0.0625,0.615384615384615,0.5,1
"PBMC","PBMC","Human","DeepSeek-Plain",3,"none",0,"LLMConfidence",0.0029125,0.0502790502788273,0.0502790502788273,0.04875,NA,0,0.95125,1,1,1,1,1,1,1
"PBMC","PBMC","Human","DeepSeekCell-Evidence",3,"none",0,"LLMConfidence",0.0029125,0.0502790502788273,0.0502790502788273,0.04875,NA,0,0.95125,1,1,1,1,1,1,1
"PBMC","PBMC","Human","DeepSeekCell-Calibrated",3,"none",0,"Confidence",0.02226675,0.154618897340894,0.154618897340894,0.142,NA,0,0.858,1,1,0.75,0.125,1,1,1
"PBMC","PBMC","Human","DeepSeekCell-SelfRefined",3,"evidence-k",0,"Confidence",0.02226675,0.154618897340894,0.154618897340894,0.142,NA,0,0.858,1,1,0.75,0.125,1,1,1
"PBMC","PBMC","Human","DeepSeekCell-RandomK",3,"random-k",0,"Confidence",0.02226675,0.154618897340894,0.154618897340894,0.142,NA,0,0.858,1,1,0.75,0.125,1,1,1
"PBMC","PBMC","Human","DeepSeekCell-ConfidenceK",3,"confidence-k",0,"Confidence",0.02226675,0.154618897340894,0.154618897340894,0.142,NA,0,0.858,1,1,0.75,0.125,1,1,1
"PBMC","PBMC","Human","DeepSeekCell-FullRefined",3,"full",8,"Confidence",0.02226675,0.154618897340894,0.154618897340894,0.142,NA,0,0.858,1,1,0.75,0.125,1,1,1
"BaronPancreas","Pancreas","Human","DeepSeek-Plain",3,"none",0,"LLMConfidence",0.17960625,0.506029558590832,0.506029558590832,0.200625,0.96875,0.0392570970695971,0.911875,0.75,1,1,0.6875,0.75,0.75,1
"BaronPancreas","Pancreas","Human","DeepSeekCell-Evidence",3,"none",0,"LLMConfidence",0.17960625,0.506029558590832,0.506029558590832,0.200625,0.96875,0.0392570970695971,0.911875,0.75,1,1,0.6875,0.75,0.75,1
"BaronPancreas","Pancreas","Human","DeepSeekCell-Calibrated",3,"none",0,"Confidence",0.1884436875,0.55959133102819,0.55959133102819,0.0726875,0.833333333333333,0.0728578712953713,0.8165625,0.75,1,0.8125,0.0625,0.75,0.769230769230769,1
"BaronPancreas","Pancreas","Human","DeepSeekCell-SelfRefined",3,"evidence-k",0,"Confidence",0.1884436875,0.55959133102819,0.55959133102819,0.0726875,0.833333333333333,0.0728578712953713,0.8165625,0.75,1,0.8125,0.0625,0.75,0.769230769230769,1
"BaronPancreas","Pancreas","Human","DeepSeekCell-RandomK",3,"random-k",0,"Confidence",0.1884436875,0.55959133102819,0.55959133102819,0.0726875,0.833333333333333,0.0728578712953713,0.8165625,0.75,1,0.8125,0.0625,0.75,0.769230769230769,1
"BaronPancreas","Pancreas","Human","DeepSeekCell-ConfidenceK",3,"confidence-k",0,"Confidence",0.1884436875,0.55959133102819,0.55959133102819,0.0726875,0.833333333333333,0.0728578712953713,0.8165625,0.75,1,0.8125,0.0625,0.75,0.769230769230769,1
"BaronPancreas","Pancreas","Human","DeepSeekCell-FullRefined",3,"full",16,"Confidence",0.1884436875,0.55959133102819,0.55959133102819,0.0726875,0.833333333333333,0.0728578712953713,0.8165625,0.75,1,0.8125,0.0625,0.75,0.769230769230769,1
"MuraroPancreas","Pancreas","Human","DeepSeek-Plain",3,"none",0,"LLMConfidence",0.119318181818182,0.412632319208782,0.412632319208782,0.131818181818182,0.694444444444444,0.0388200183654729,0.904545454545455,0.818181818181818,0.909090909090909,0.909090909090909,0.818181818181818,0.9,0.9,0.888888888888889
"MuraroPancreas","Pancreas","Human","DeepSeekCell-Evidence",3,"none",0,"LLMConfidence",0.119318181818182,0.412632319208782,0.412632319208782,0.131818181818182,0.694444444444444,0.0388200183654729,0.904545454545455,0.818181818181818,0.909090909090909,0.909090909090909,0.818181818181818,0.9,0.9,0.888888888888889
"MuraroPancreas","Pancreas","Human","DeepSeekCell-Calibrated",3,"none",0,"Confidence",0.124698454545455,0.425251314310098,0.425251314310098,0.131727272727273,0.555555555555556,0.183625213170668,0.775545454545455,0.818181818181818,0.818181818181818,0.636363636363636,0,0.888888888888889,0.857142857142857,NA
"MuraroPancreas","Pancreas","Human","DeepSeekCell-SelfRefined",3,"evidence-k",0,"Confidence",0.124698454545455,0.425251314310098,0.425251314310098,0.131727272727273,0.555555555555556,0.183625213170668,0.775545454545455,0.818181818181818,0.818181818181818,0.636363636363636,0,0.888888888888889,0.857142857142857,NA
"MuraroPancreas","Pancreas","Human","DeepSeekCell-RandomK",3,"random-k",0,"Confidence",0.124698454545455,0.425251314310098,0.425251314310098,0.131727272727273,0.555555555555556,0.183625213170668,0.775545454545455,0.818181818181818,0.818181818181818,0.636363636363636,0,0.888888888888889,0.857142857142857,NA
"MuraroPancreas","Pancreas","Human","DeepSeekCell-ConfidenceK",3,"confidence-k",0,"Confidence",0.124698454545455,0.425251314310098,0.425251314310098,0.131727272727273,0.555555555555556,0.183625213170668,0.775545454545455,0.818181818181818,0.818181818181818,0.636363636363636,0,0.888888888888889,0.857142857142857,NA
"MuraroPancreas","Pancreas","Human","DeepSeekCell-FullRefined",3,"full",11,"Confidence",0.129873454545455,0.435625251288954,0.435625251288954,0.136727272727273,0.555555555555556,0.183625213170668,0.780545454545455,0.818181818181818,0.818181818181818,0.636363636363636,0,0.888888888888889,0.857142857142857,NA
"TasicBrain","Brain","Mouse","DeepSeek-Plain",3,"none",0,"LLMConfidence",0.014,0.101543320918788,0.101543320918788,0.0933333333333334,NA,0,0.906666666666667,1,1,0.933333333333333,0.733333333333333,1,1,1
"TasicBrain","Brain","Mouse","DeepSeekCell-Evidence",3,"none",0,"LLMConfidence",0.014,0.101543320918788,0.101543320918788,0.0933333333333334,NA,0,0.906666666666667,1,1,0.933333333333333,0.733333333333333,1,1,1
"TasicBrain","Brain","Mouse","DeepSeekCell-Calibrated",3,"none",0,"Confidence",0.0313738,0.187605970188712,0.187605970188712,0.169533333333333,NA,0,0.830466666666667,1,1,0.666666666666667,0.133333333333333,1,1,1
"TasicBrain","Brain","Mouse","DeepSeekCell-SelfRefined",3,"evidence-k",0,"Confidence",0.0313738,0.187605970188712,0.187605970188712,0.169533333333333,NA,0,0.830466666666667,1,1,0.666666666666667,0.133333333333333,1,1,1
"TasicBrain","Brain","Mouse","DeepSeekCell-RandomK",3,"random-k",0,"Confidence",0.0313738,0.187605970188712,0.187605970188712,0.169533333333333,NA,0,0.830466666666667,1,1,0.666666666666667,0.133333333333333,1,1,1
"TasicBrain","Brain","Mouse","DeepSeekCell-ConfidenceK",3,"confidence-k",0,"Confidence",0.0313738,0.187605970188712,0.187605970188712,0.169533333333333,NA,0,0.830466666666667,1,1,0.666666666666667,0.133333333333333,1,1,1
"TasicBrain","Brain","Mouse","DeepSeekCell-FullRefined",3,"full",15,"Confidence",0.0313738,0.187605970188712,0.187605970188712,0.169533333333333,NA,0,0.830466666666667,1,1,0.666666666666667,0.133333333333333,1,1,1
"ZeiselBrain","Brain","Mouse","DeepSeek-Plain",3,"none",0,"LLMConfidence",0.23684375,0.785734338828731,0.785734338828731,0.234375,0.736363636363636,0.198031352328227,0.921875,0.6875,0.9375,0.9375,0.875,0.733333333333333,0.733333333333333,0.785714285714286
"ZeiselBrain","Brain","Mouse","DeepSeekCell-Evidence",3,"none",0,"LLMConfidence",0.23684375,0.785734338828731,0.785734338828731,0.234375,0.736363636363636,0.198031352328227,0.921875,0.6875,0.9375,0.9375,0.875,0.733333333333333,0.733333333333333,0.785714285714286
"ZeiselBrain","Brain","Mouse","DeepSeekCell-Calibrated",3,"none",0,"Confidence",0.192342875,0.558033368955195,0.558033368955195,0.17275,0.8,0.1063631247225,0.830625,0.6875,0.9375,0.6875,0.25,0.733333333333333,0.727272727272727,1
"ZeiselBrain","Brain","Mouse","DeepSeekCell-SelfRefined",3,"evidence-k",1,"Confidence",0.1611888125,0.487832237738301,0.487832237738301,0.1969375,0.770833333333333,0.0813670704295704,0.8396875,0.75,0.9375,0.75,0.25,0.8,0.75,1
"ZeiselBrain","Brain","Mouse","DeepSeekCell-RandomK",3,"random-k",1,"Confidence",0.192342875,0.558033368955195,0.558033368955195,0.17275,0.8,0.1063631247225,0.830625,0.6875,0.9375,0.6875,0.25,0.733333333333333,0.727272727272727,1
"ZeiselBrain","Brain","Mouse","DeepSeekCell-ConfidenceK",3,"confidence-k",1,"Confidence",0.2084006875,0.592248079541354,0.592248079541354,0.1861875,0.8,0.1063631247225,0.8440625,0.6875,1,0.6875,0.25,0.6875,0.727272727272727,1
"ZeiselBrain","Brain","Mouse","DeepSeekCell-FullRefined",3,"full",16,"Confidence",0.1959006875,0.565165450628159,0.565165450628159,0.1761875,0.8,0.1063631247225,0.8340625,0.6875,0.9375,0.6875,0.25,0.733333333333333,0.727272727272727,1
"ZilionisLung","Lung","Human","DeepSeek-Plain",3,"none",0,"LLMConfidence",0.25,0.693147180559945,0.693147180559945,0.5,NA,0.972222222222222,0.5,0,0,0,0,NA,NA,NA
"ZilionisLung","Lung","Human","DeepSeekCell-Evidence",3,"none",0,"LLMConfidence",0.25,0.693147180559945,0.693147180559945,0.5,NA,0.972222222222222,0.5,0,0,0,0,NA,NA,NA
"ZilionisLung","Lung","Human","DeepSeekCell-Calibrated",3,"none",0,"Confidence",0.204132166666667,0.599415527736609,0.599415527736609,0.445944444444444,NA,0.972222222222222,0.445944444444444,0,0,0,0,NA,NA,NA
"ZilionisLung","Lung","Human","DeepSeekCell-SelfRefined",3,"evidence-k",6,"Confidence",0.244293166666667,0.695250655465438,0.695250655465438,0.397944444444444,0.9375,0.485963636944029,0.611611111111111,0.222222222222222,0.333333333333333,0.333333333333333,0.0555555555555556,0.666666666666667,0.666666666666667,1
"ZilionisLung","Lung","Human","DeepSeekCell-RandomK",3,"random-k",6,"Confidence",0.1494265,0.467408390697665,0.467408390697665,0.3565,1,0.299778788749377,0.576055555555556,0.333333333333333,0.333333333333333,0.111111111111111,0.0555555555555556,1,1,1
"ZilionisLung","Lung","Human","DeepSeekCell-ConfidenceK",3,"confidence-k",6,"Confidence",0.243645111111111,0.69247845195286,0.69247845195286,0.398666666666667,0.933333333333333,0.57674124622654,0.565333333333333,0.166666666666667,0.333333333333333,0.222222222222222,0,0.5,0.5,NA
"ZilionisLung","Lung","Human","DeepSeekCell-FullRefined",3,"full",18,"Confidence",0.289685111111111,0.818394618523882,0.818394618523882,0.261111111111111,0.474025974025974,0.317588897123211,0.832111111111111,0.611111111111111,0.944444444444444,0.833333333333333,0.0555555555555556,0.588235294117647,0.6,1
