"Dataset","Tissue","Species","Method","RefinementSelector","RefinementBudgetK","NClusters","RuntimeSec","CostUSD","Tokens","FirstPassRuntimeSec","RefinementRuntimeSec","FirstPassTokens","RefinementTokens","SecondPassCalls","FirstPassResponseHash","MeanClusterPurity","MinClusterPurity","ARI","MacroF1","Accuracy","BalancedAcc","CladeAcc","UnknownRate","EvaluatedClusters","Replicate","PredictionLevel","CellTypistModel","NativeCellARI","NativeCellMacroF1","NativeCellAccuracy","NativeCellBalancedAcc","NativeCellCladeAcc","NativeCellUnknownRate","NativeCellEvaluatedCells"
"PBMC","PBMC","Human","DeepSeek-Plain","none",0,8,4.94012594223022,0.00040936,2165,4.94012594223022,0,2165,0,0,"53749554ecf9fa086b170e4c30a12eb5",0.941230819126429,0.843853820598007,1,1,1,1,1,0,8,1,NA,NA,NA,NA,NA,NA,NA,NA,NA
"PBMC","PBMC","Human","DeepSeekCell-Evidence","none",0,8,4.94012594223022,0.00040936,2165,4.94012594223022,0,2165,0,0,"53749554ecf9fa086b170e4c30a12eb5",0.941230819126429,0.843853820598007,1,1,1,1,1,0,8,1,NA,NA,NA,NA,NA,NA,NA,NA,NA
"PBMC","PBMC","Human","DeepSeekCell-Calibrated","none",0,8,4.94012594223022,0.00040936,2165,4.94012594223022,0,2165,0,0,"53749554ecf9fa086b170e4c30a12eb5",0.941230819126429,0.843853820598007,1,1,1,1,1,0,8,1,NA,NA,NA,NA,NA,NA,NA,NA,NA
"PBMC","PBMC","Human","DeepSeekCell-SelfRefined","evidence-k",0,8,4.94012594223022,0.00040936,2165,4.94012594223022,0,2165,0,0,"53749554ecf9fa086b170e4c30a12eb5",0.941230819126429,0.843853820598007,1,1,1,1,1,0,8,1,NA,NA,NA,NA,NA,NA,NA,NA,NA
"PBMC","PBMC","Human","DeepSeekCell-RandomK","random-k",0,8,4.94012594223022,0.00040936,2165,4.94012594223022,0,2165,0,0,"53749554ecf9fa086b170e4c30a12eb5",0.941230819126429,0.843853820598007,1,1,1,1,1,0,8,1,NA,NA,NA,NA,NA,NA,NA,NA,NA
"PBMC","PBMC","Human","DeepSeekCell-ConfidenceK","confidence-k",0,8,4.94012594223022,0.00040936,2165,4.94012594223022,0,2165,0,0,"53749554ecf9fa086b170e4c30a12eb5",0.941230819126429,0.843853820598007,1,1,1,1,1,0,8,1,NA,NA,NA,NA,NA,NA,NA,NA,NA
"PBMC","PBMC","Human","DeepSeekCell-FullRefined","full",8,8,10.3068339824677,0.00088942,4824,4.94012594223022,5.36670804023743,2165,2659,1,"53749554ecf9fa086b170e4c30a12eb5",0.941230819126429,0.843853820598007,1,1,1,1,1,0,8,1,NA,NA,NA,NA,NA,NA,NA,NA,NA
"PBMC","PBMC","Human","scType","baseline",0,8,2.68033695220947,0,NA,NA,0,NA,0,0,NA,0.941230819126429,0.843853820598007,0.875,0.875,0.875,0.875,0.875,0,8,1,"cluster",NA,NA,NA,NA,NA,NA,NA,NA
"PBMC","PBMC","Human","SingleR","baseline",0,8,4.00559496879578,0,NA,NA,0,NA,0,0,NA,0.941230819126429,0.843853820598007,0,0.541666666666667,0.625,0.625,0.714285714285714,0,8,1,"cluster",NA,NA,NA,NA,NA,NA,NA,NA
"PBMC","PBMC","Human","scmap","baseline",0,8,7.20590400695801,0,NA,NA,0,NA,0,0,NA,0.941230819126429,0.843853820598007,0,0.395833333333333,0.5,0.5,0.5,0,8,1,"cluster",NA,NA,NA,NA,NA,NA,NA,NA
"PBMC","PBMC","Human","CellTypist","baseline",0,8,1.8040828704834,0,NA,NA,0,NA,0,0,NA,0.941230819126429,0.843853820598007,1,1,1,1,1,0,8,1,"cell","Immune_All_Low.pkl",0.65414172748797,0.801244415100951,0.806292645943897,0.829188564575987,0.810594512195122,0,2638
"BaronPancreas","Pancreas","Human","DeepSeek-Plain","none",0,16,10.4215610027313,0.00078932,3838,10.4215610027313,0,3838,0,0,"219dc72a9494ebbe54e0322e38d12802",0.95154749050253,0.533980582524272,0.600760456273764,0.925925925925926,0.8125,0.888888888888889,0.846153846153846,0,16,1,NA,NA,NA,NA,NA,NA,NA,NA,NA
"BaronPancreas","Pancreas","Human","DeepSeekCell-Evidence","none",0,16,10.4215610027313,0.00078932,3838,10.4215610027313,0,3838,0,0,"219dc72a9494ebbe54e0322e38d12802",0.95154749050253,0.533980582524272,0.600760456273764,0.925925925925926,0.8125,0.888888888888889,0.846153846153846,0,16,1,NA,NA,NA,NA,NA,NA,NA,NA,NA
"BaronPancreas","Pancreas","Human","DeepSeekCell-Calibrated","none",0,16,10.4215610027313,0.00078932,3838,10.4215610027313,0,3838,0,0,"219dc72a9494ebbe54e0322e38d12802",0.95154749050253,0.533980582524272,0.600760456273764,0.925925925925926,0.8125,0.888888888888889,0.846153846153846,0,16,1,NA,NA,NA,NA,NA,NA,NA,NA,NA
"BaronPancreas","Pancreas","Human","DeepSeekCell-SelfRefined","evidence-k",0,16,10.4215610027313,0.00078932,3838,10.4215610027313,0,3838,0,0,"219dc72a9494ebbe54e0322e38d12802",0.95154749050253,0.533980582524272,0.600760456273764,0.925925925925926,0.8125,0.888888888888889,0.846153846153846,0,16,1,NA,NA,NA,NA,NA,NA,NA,NA,NA
"BaronPancreas","Pancreas","Human","DeepSeekCell-RandomK","random-k",0,16,10.4215610027313,0.00078932,3838,10.4215610027313,0,3838,0,0,"219dc72a9494ebbe54e0322e38d12802",0.95154749050253,0.533980582524272,0.600760456273764,0.925925925925926,0.8125,0.888888888888889,0.846153846153846,0,16,1,NA,NA,NA,NA,NA,NA,NA,NA,NA
"BaronPancreas","Pancreas","Human","DeepSeekCell-ConfidenceK","confidence-k",0,16,10.4215610027313,0.00078932,3838,10.4215610027313,0,3838,0,0,"219dc72a9494ebbe54e0322e38d12802",0.95154749050253,0.533980582524272,0.600760456273764,0.925925925925926,0.8125,0.888888888888889,0.846153846153846,0,16,1,NA,NA,NA,NA,NA,NA,NA,NA,NA
"BaronPancreas","Pancreas","Human","DeepSeekCell-FullRefined","full",16,16,16.4575870037079,0.00156128,8280,10.4215610027313,6.03602600097656,3838,4442,1,"219dc72a9494ebbe54e0322e38d12802",0.95154749050253,0.533980582524272,0.600760456273764,0.925925925925926,0.8125,0.888888888888889,0.846153846153846,0,16,1,NA,NA,NA,NA,NA,NA,NA,NA,NA
"BaronPancreas","Pancreas","Human","scType","baseline",0,16,0.89618182182312,0,NA,NA,0,NA,0,0,NA,0.95154749050253,0.533980582524272,0.782016348773842,0.947089947089947,0.9375,0.972222222222222,0.923076923076923,0,16,1,"cluster",NA,NA,NA,NA,NA,NA,NA,NA
"BaronPancreas","Pancreas","Human","SingleR","baseline",0,16,129.246911048889,0,NA,NA,0,NA,0,0,NA,0.95154749050253,0.533980582524272,0.394217530977513,0.222222222222222,0.125,0.222222222222222,1,0,16,1,"cluster",NA,NA,NA,NA,NA,NA,NA,NA
"BaronPancreas","Pancreas","Human","scmap","baseline",0,16,48.1587541103363,0,NA,NA,0,NA,0,0,NA,0.95154749050253,0.533980582524272,0.498031496062992,0.222222222222222,0.125,0.222222222222222,1,0,16,1,"cluster",NA,NA,NA,NA,NA,NA,NA,NA
"BaronPancreas","Pancreas","Human","CellTypist","baseline",0,16,2.02211594581604,0,NA,NA,0,NA,0,0,NA,0.95154749050253,0.533980582524272,0.21594250245018,0.333333333333333,0.4375,0.444444444444444,0.461538461538462,0,16,1,"cell","Adult_Human_PancreaticIslet.pkl",0.425923159439254,0.298148727126074,0.630337869544815,0.367082231910004,0.668565510098395,0,8524
"MuraroPancreas","Pancreas","Human","DeepSeek-Plain","none",0,11,8.72864103317261,0.0005726,2838,8.72864103317261,0,2838,0,0,"7662d1b7f187fa2bf644e49784a26248",0.953660414424553,0.892307692307692,0.485981308411215,0.916666666666667,0.818181818181818,0.875,0.875,0.0909090909090909,11,1,NA,NA,NA,NA,NA,NA,NA,NA,NA
"MuraroPancreas","Pancreas","Human","DeepSeekCell-Evidence","none",0,11,8.72864103317261,0.0005726,2838,8.72864103317261,0,2838,0,0,"7662d1b7f187fa2bf644e49784a26248",0.953660414424553,0.892307692307692,0.485981308411215,0.916666666666667,0.818181818181818,0.875,0.875,0.0909090909090909,11,1,NA,NA,NA,NA,NA,NA,NA,NA,NA
"MuraroPancreas","Pancreas","Human","DeepSeekCell-Calibrated","none",0,11,8.72864103317261,0.0005726,2838,8.72864103317261,0,2838,0,0,"7662d1b7f187fa2bf644e49784a26248",0.953660414424553,0.892307692307692,0.485981308411215,0.916666666666667,0.818181818181818,0.875,0.875,0.0909090909090909,11,1,NA,NA,NA,NA,NA,NA,NA,NA,NA
"MuraroPancreas","Pancreas","Human","DeepSeekCell-SelfRefined","evidence-k",0,11,8.72864103317261,0.0005726,2838,8.72864103317261,0,2838,0,0,"7662d1b7f187fa2bf644e49784a26248",0.953660414424553,0.892307692307692,0.485981308411215,0.916666666666667,0.818181818181818,0.875,0.875,0.0909090909090909,11,1,NA,NA,NA,NA,NA,NA,NA,NA,NA
"MuraroPancreas","Pancreas","Human","DeepSeekCell-RandomK","random-k",0,11,8.72864103317261,0.0005726,2838,8.72864103317261,0,2838,0,0,"7662d1b7f187fa2bf644e49784a26248",0.953660414424553,0.892307692307692,0.485981308411215,0.916666666666667,0.818181818181818,0.875,0.875,0.0909090909090909,11,1,NA,NA,NA,NA,NA,NA,NA,NA,NA
"MuraroPancreas","Pancreas","Human","DeepSeekCell-ConfidenceK","confidence-k",0,11,8.72864103317261,0.0005726,2838,8.72864103317261,0,2838,0,0,"7662d1b7f187fa2bf644e49784a26248",0.953660414424553,0.892307692307692,0.485981308411215,0.916666666666667,0.818181818181818,0.875,0.875,0.0909090909090909,11,1,NA,NA,NA,NA,NA,NA,NA,NA,NA
"MuraroPancreas","Pancreas","Human","DeepSeekCell-FullRefined","full",11,11,15.8296151161194,0.00125062,6496,8.72864103317261,7.10097408294678,2838,3658,1,"7662d1b7f187fa2bf644e49784a26248",0.953660414424553,0.892307692307692,0.485981308411215,0.916666666666667,0.818181818181818,0.875,0.875,0.0909090909090909,11,1,NA,NA,NA,NA,NA,NA,NA,NA,NA
"MuraroPancreas","Pancreas","Human","scType","baseline",0,11,0.648902893066406,0,NA,NA,0,NA,0,0,NA,0.953660414424553,0.892307692307692,0.790874524714829,0.958333333333333,0.909090909090909,0.9375,0.888888888888889,0,11,1,"cluster",NA,NA,NA,NA,NA,NA,NA,NA
"MuraroPancreas","Pancreas","Human","SingleR","baseline",0,11,13.5567190647125,0,NA,NA,0,NA,0,0,NA,0.953660414424553,0.892307692307692,0.130663856691254,0.125,0.0909090909090909,0.125,0.75,0,11,1,"cluster",NA,NA,NA,NA,NA,NA,NA,NA
"MuraroPancreas","Pancreas","Human","scmap","baseline",0,11,5.16397500038147,0,NA,NA,0,NA,0,0,NA,0.953660414424553,0.892307692307692,0.111310592459605,0.125,0.0909090909090909,0.125,0.75,0,11,1,"cluster",NA,NA,NA,NA,NA,NA,NA,NA
"MuraroPancreas","Pancreas","Human","CellTypist","baseline",0,11,0.944508075714111,0,NA,NA,0,NA,0,0,NA,0.953660414424553,0.892307692307692,0.342629482071713,0.375,0.545454545454545,0.5,0.555555555555556,0,11,1,"cell","Adult_Human_PancreaticIslet.pkl",0.44181902512038,0.361773944198267,0.642756016989146,0.449890621951666,0.670550847457627,0,2119
"TasicBrain","Brain","Mouse","DeepSeek-Plain","none",0,15,11.4494519233704,0.00076048,3750,11.4494519233704,0,3750,0,0,"6f1339224ac38869dafab6c3d56c683d",0.928741651094654,0.692307692307692,1,1,1,1,1,0,15,1,NA,NA,NA,NA,NA,NA,NA,NA,NA
"TasicBrain","Brain","Mouse","DeepSeekCell-Evidence","none",0,15,11.4494519233704,0.00076048,3750,11.4494519233704,0,3750,0,0,"6f1339224ac38869dafab6c3d56c683d",0.928741651094654,0.692307692307692,1,1,1,1,1,0,15,1,NA,NA,NA,NA,NA,NA,NA,NA,NA
"TasicBrain","Brain","Mouse","DeepSeekCell-Calibrated","none",0,15,11.4494519233704,0.00076048,3750,11.4494519233704,0,3750,0,0,"6f1339224ac38869dafab6c3d56c683d",0.928741651094654,0.692307692307692,1,1,1,1,1,0,15,1,NA,NA,NA,NA,NA,NA,NA,NA,NA
"TasicBrain","Brain","Mouse","DeepSeekCell-SelfRefined","evidence-k",0,15,11.4494519233704,0.00076048,3750,11.4494519233704,0,3750,0,0,"6f1339224ac38869dafab6c3d56c683d",0.928741651094654,0.692307692307692,1,1,1,1,1,0,15,1,NA,NA,NA,NA,NA,NA,NA,NA,NA
"TasicBrain","Brain","Mouse","DeepSeekCell-RandomK","random-k",0,15,11.4494519233704,0.00076048,3750,11.4494519233704,0,3750,0,0,"6f1339224ac38869dafab6c3d56c683d",0.928741651094654,0.692307692307692,1,1,1,1,1,0,15,1,NA,NA,NA,NA,NA,NA,NA,NA,NA
"TasicBrain","Brain","Mouse","DeepSeekCell-ConfidenceK","confidence-k",0,15,11.4494519233704,0.00076048,3750,11.4494519233704,0,3750,0,0,"6f1339224ac38869dafab6c3d56c683d",0.928741651094654,0.692307692307692,1,1,1,1,1,0,15,1,NA,NA,NA,NA,NA,NA,NA,NA,NA
"TasicBrain","Brain","Mouse","DeepSeekCell-FullRefined","full",15,15,18.4671809673309,0.00152124,8130,11.4494519233704,7.01772904396057,3750,4380,1,"6f1339224ac38869dafab6c3d56c683d",0.928741651094654,0.692307692307692,1,1,1,1,1,0,15,1,NA,NA,NA,NA,NA,NA,NA,NA,NA
"TasicBrain","Brain","Mouse","scType","baseline",0,15,0.542149066925049,0,NA,NA,0,NA,0,0,NA,0.928741651094654,0.692307692307692,0.727272727272727,0.971139971139971,0.933333333333333,0.971428571428571,0.933333333333333,0,15,1,"cluster",NA,NA,NA,NA,NA,NA,NA,NA
"TasicBrain","Brain","Mouse","SingleR","baseline",0,15,3.89595699310303,0,NA,NA,0,NA,0,0,NA,0.928741651094654,0.692307692307692,0.477611940298507,0.666666666666667,0.6,0.714285714285714,0.642857142857143,0.0666666666666667,15,1,"cluster",NA,NA,NA,NA,NA,NA,NA,NA
"TasicBrain","Brain","Mouse","scmap","baseline",0,15,4.41248297691345,0,NA,NA,0,NA,0,0,NA,0.928741651094654,0.692307692307692,0.463654223968566,0.619047619047619,0.6,0.714285714285714,0.6,0,15,1,"cluster",NA,NA,NA,NA,NA,NA,NA,NA
"ZeiselBrain","Brain","Mouse","DeepSeek-Plain","none",0,16,11.2665791511536,0.000756,3775,11.2665791511536,0,3775,0,0,"8dea6f1f5117dba148495c12d7e45744",0.773479236478526,0.504098360655738,0.68384074941452,0.465277777777778,0.6875,0.5375,0.8,0.0625,16,1,NA,NA,NA,NA,NA,NA,NA,NA,NA
"ZeiselBrain","Brain","Mouse","DeepSeekCell-Evidence","none",0,16,11.2665791511536,0.000756,3775,11.2665791511536,0,3775,0,0,"8dea6f1f5117dba148495c12d7e45744",0.773479236478526,0.504098360655738,0.68384074941452,0.465277777777778,0.6875,0.5375,0.8,0.0625,16,1,NA,NA,NA,NA,NA,NA,NA,NA,NA
"ZeiselBrain","Brain","Mouse","DeepSeekCell-Calibrated","none",0,16,11.2665791511536,0.000756,3775,11.2665791511536,0,3775,0,0,"8dea6f1f5117dba148495c12d7e45744",0.773479236478526,0.504098360655738,0.68384074941452,0.465277777777778,0.6875,0.5375,0.8,0.0625,16,1,NA,NA,NA,NA,NA,NA,NA,NA,NA
"ZeiselBrain","Brain","Mouse","DeepSeekCell-SelfRefined","evidence-k",1,16,13.3569781780243,0.0008477,4329,11.2665791511536,2.09039902687073,3775,554,1,"8dea6f1f5117dba148495c12d7e45744",0.773479236478526,0.504098360655738,0.68384074941452,0.590277777777778,0.75,0.6625,0.866666666666667,0.0625,16,1,NA,NA,NA,NA,NA,NA,NA,NA,NA
"ZeiselBrain","Brain","Mouse","DeepSeekCell-RandomK","random-k",1,16,13.2381510734558,0.0008484,4321,11.2665791511536,1.97157192230225,3775,546,1,"8dea6f1f5117dba148495c12d7e45744",0.773479236478526,0.504098360655738,0.68384074941452,0.465277777777778,0.6875,0.5375,0.8,0.0625,16,1,NA,NA,NA,NA,NA,NA,NA,NA,NA
"ZeiselBrain","Brain","Mouse","DeepSeekCell-ConfidenceK","confidence-k",1,16,12.8268601894379,0.00083958,4284,11.2665791511536,1.5602810382843,3775,509,1,"8dea6f1f5117dba148495c12d7e45744",0.773479236478526,0.504098360655738,0.68384074941452,0.465277777777778,0.6875,0.5375,0.75,0,16,1,NA,NA,NA,NA,NA,NA,NA,NA,NA
"ZeiselBrain","Brain","Mouse","DeepSeekCell-FullRefined","full",16,16,20.2313160896301,0.00166236,8794,11.2665791511536,8.96473693847656,3775,5019,1,"8dea6f1f5117dba148495c12d7e45744",0.773479236478526,0.504098360655738,0.68384074941452,0.465277777777778,0.6875,0.5375,0.8,0.0625,16,1,NA,NA,NA,NA,NA,NA,NA,NA,NA
"ZeiselBrain","Brain","Mouse","scType","baseline",0,16,0.495281219482422,0,NA,NA,0,NA,0,0,NA,0.773479236478526,0.504098360655738,0.520274129069103,0.579861111111111,0.75,0.7,0.8125,0,16,1,"cluster",NA,NA,NA,NA,NA,NA,NA,NA
"ZeiselBrain","Brain","Mouse","SingleR","baseline",0,16,5.28628587722778,0,NA,NA,0,NA,0,0,NA,0.773479236478526,0.504098360655738,0.55607476635514,0.579166666666667,0.75,0.625,0.75,0,16,1,"cluster",NA,NA,NA,NA,NA,NA,NA,NA
"ZeiselBrain","Brain","Mouse","scmap","baseline",0,16,6.99723505973816,0,NA,NA,0,NA,0,0,NA,0.773479236478526,0.504098360655738,0.341825902335457,0.558035714285714,0.6875,0.59375,0.6875,0,16,1,"cluster",NA,NA,NA,NA,NA,NA,NA,NA
"ZilionisLung","Lung","Human","DeepSeek-Plain","none",0,17,12.7868728637695,0.00087094,4221,12.7868728637695,0,4221,0,0,"bfcf72a93fe7e73573f3d2cbf363fba6",0.933913997024838,0.659574468085106,NA,0,0,0,NA,1,17,1,NA,NA,NA,NA,NA,NA,NA,NA,NA
"ZilionisLung","Lung","Human","DeepSeekCell-Evidence","none",0,17,12.7868728637695,0.00087094,4221,12.7868728637695,0,4221,0,0,"bfcf72a93fe7e73573f3d2cbf363fba6",0.933913997024838,0.659574468085106,NA,0,0,0,NA,1,17,1,NA,NA,NA,NA,NA,NA,NA,NA,NA
"ZilionisLung","Lung","Human","DeepSeekCell-Calibrated","none",0,17,12.7868728637695,0.00087094,4221,12.7868728637695,0,4221,0,0,"bfcf72a93fe7e73573f3d2cbf363fba6",0.933913997024838,0.659574468085106,NA,0,0,0,NA,1,17,1,NA,NA,NA,NA,NA,NA,NA,NA,NA
"ZilionisLung","Lung","Human","DeepSeekCell-SelfRefined","evidence-k",6,17,16.9481558799744,0.0012313,6187,12.7868728637695,4.16128301620483,4221,1966,1,"bfcf72a93fe7e73573f3d2cbf363fba6",0.933913997024838,0.659574468085106,0.108941418293936,0.363636363636364,0.294117647058824,0.363636363636364,0.833333333333333,0.647058823529412,17,1,NA,NA,NA,NA,NA,NA,NA,NA,NA
"ZilionisLung","Lung","Human","DeepSeekCell-RandomK","random-k",6,17,16.9243469238281,0.00121184,6053,12.7868728637695,4.13747406005859,4221,1832,1,"bfcf72a93fe7e73573f3d2cbf363fba6",0.933913997024838,0.659574468085106,0.039054470709147,0.242424242424242,0.176470588235294,0.227272727272727,0.5,0.647058823529412,17,1,NA,NA,NA,NA,NA,NA,NA,NA,NA
"ZilionisLung","Lung","Human","DeepSeekCell-ConfidenceK","confidence-k",6,17,17.8618609905243,0.0012292,6150,12.7868728637695,5.07498812675476,4221,1929,1,"bfcf72a93fe7e73573f3d2cbf363fba6",0.933913997024838,0.659574468085106,0.039054470709147,0.272727272727273,0.235294117647059,0.272727272727273,0.666666666666667,0.647058823529412,17,1,NA,NA,NA,NA,NA,NA,NA,NA,NA
"ZilionisLung","Lung","Human","DeepSeekCell-FullRefined","full",17,17,23.0484867095947,0.00177646,9060,12.7868728637695,10.2616138458252,4221,4839,1,"bfcf72a93fe7e73573f3d2cbf363fba6",0.933913997024838,0.659574468085106,0.397563676633444,0.678787878787879,0.647058823529412,0.742424242424242,0.705882352941177,0,17,1,NA,NA,NA,NA,NA,NA,NA,NA,NA
"ZilionisLung","Lung","Human","scType","baseline",0,17,0.711704015731812,0,NA,NA,0,NA,0,0,NA,0.933913997024838,0.659574468085106,0.06028115320467,0.220779220779221,0.294117647058824,0.272727272727273,0.294117647058824,0,17,1,"cluster",NA,NA,NA,NA,NA,NA,NA,NA
"ZilionisLung","Lung","Human","SingleR","baseline",0,17,13.9311299324036,0,NA,NA,0,NA,0,0,NA,0.933913997024838,0.659574468085106,0.647302904564315,0.712121212121212,0.705882352941177,0.772727272727273,0.705882352941177,0,17,1,"cluster",NA,NA,NA,NA,NA,NA,NA,NA
"ZilionisLung","Lung","Human","scmap","baseline",0,17,16.1425921916962,0,NA,NA,0,NA,0,0,NA,0.933913997024838,0.659574468085106,0.525719267654752,0.590909090909091,0.647058823529412,0.681818181818182,0.647058823529412,0,17,1,"cluster",NA,NA,NA,NA,NA,NA,NA,NA
"ZilionisLung","Lung","Human","CellTypist","baseline",0,17,3.51708602905273,0,NA,NA,0,NA,0,0,NA,0.933913997024838,0.659574468085106,0.174506828528073,0.612121212121212,0.529411764705882,0.575757575757576,0.6875,0,17,1,"cell","Human_Lung_Atlas.pkl",0.65022964703763,0.489144831406488,0.53014219907871,0.510457386333423,0.585885215980531,0,4993
"PBMC","PBMC","Human","DeepSeek-Plain","none",0,8,5.15606498718262,0.00042336,2215,5.15606498718262,0,2215,0,0,"9d36c00701939ec4eb4888a31655ef5c",0.941230819126429,0.843853820598007,1,1,1,1,1,0,8,2,NA,NA,NA,NA,NA,NA,NA,NA,NA
"PBMC","PBMC","Human","DeepSeekCell-Evidence","none",0,8,5.15606498718262,0.00042336,2215,5.15606498718262,0,2215,0,0,"9d36c00701939ec4eb4888a31655ef5c",0.941230819126429,0.843853820598007,1,1,1,1,1,0,8,2,NA,NA,NA,NA,NA,NA,NA,NA,NA
"PBMC","PBMC","Human","DeepSeekCell-Calibrated","none",0,8,5.15606498718262,0.00042336,2215,5.15606498718262,0,2215,0,0,"9d36c00701939ec4eb4888a31655ef5c",0.941230819126429,0.843853820598007,1,1,1,1,1,0,8,2,NA,NA,NA,NA,NA,NA,NA,NA,NA
"PBMC","PBMC","Human","DeepSeekCell-SelfRefined","evidence-k",0,8,5.15606498718262,0.00042336,2215,5.15606498718262,0,2215,0,0,"9d36c00701939ec4eb4888a31655ef5c",0.941230819126429,0.843853820598007,1,1,1,1,1,0,8,2,NA,NA,NA,NA,NA,NA,NA,NA,NA
"PBMC","PBMC","Human","DeepSeekCell-RandomK","random-k",0,8,5.15606498718262,0.00042336,2215,5.15606498718262,0,2215,0,0,"9d36c00701939ec4eb4888a31655ef5c",0.941230819126429,0.843853820598007,1,1,1,1,1,0,8,2,NA,NA,NA,NA,NA,NA,NA,NA,NA
"PBMC","PBMC","Human","DeepSeekCell-ConfidenceK","confidence-k",0,8,5.15606498718262,0.00042336,2215,5.15606498718262,0,2215,0,0,"9d36c00701939ec4eb4888a31655ef5c",0.941230819126429,0.843853820598007,1,1,1,1,1,0,8,2,NA,NA,NA,NA,NA,NA,NA,NA,NA
"PBMC","PBMC","Human","DeepSeekCell-FullRefined","full",8,8,10.1187341213226,0.0009366,5018,5.15606498718262,4.96266913414001,2215,2803,1,"9d36c00701939ec4eb4888a31655ef5c",0.941230819126429,0.843853820598007,1,1,1,1,1,0,8,2,NA,NA,NA,NA,NA,NA,NA,NA,NA
"PBMC","PBMC","Human","scType","baseline",0,8,0.950647115707397,0,NA,NA,0,NA,0,0,NA,0.941230819126429,0.843853820598007,0.875,0.875,0.875,0.875,0.875,0,8,2,"cluster",NA,NA,NA,NA,NA,NA,NA,NA
"PBMC","PBMC","Human","SingleR","baseline",0,8,2.82055306434631,0,NA,NA,0,NA,0,0,NA,0.941230819126429,0.843853820598007,0,0.541666666666667,0.625,0.625,0.714285714285714,0,8,2,"cluster",NA,NA,NA,NA,NA,NA,NA,NA
"PBMC","PBMC","Human","scmap","baseline",0,8,4.67629384994507,0,NA,NA,0,NA,0,0,NA,0.941230819126429,0.843853820598007,0,0.395833333333333,0.5,0.5,0.571428571428571,0,8,2,"cluster",NA,NA,NA,NA,NA,NA,NA,NA
"PBMC","PBMC","Human","CellTypist","baseline",0,8,1.30328989028931,0,NA,NA,0,NA,0,0,NA,0.941230819126429,0.843853820598007,1,1,1,1,1,0,8,2,"cell","Immune_All_Low.pkl",0.65414172748797,0.801244415100951,0.806292645943897,0.829188564575987,0.810594512195122,0,2638
"BaronPancreas","Pancreas","Human","DeepSeek-Plain","none",0,16,10.3162741661072,0.00078596,3826,10.3162741661072,0,3826,0,0,"db1ed5bb8d39dd1fc23bcdc23db74d13",0.95154749050253,0.533980582524272,0.499582985821518,0.814814814814815,0.75,0.777777777777778,0.846153846153846,0,16,2,NA,NA,NA,NA,NA,NA,NA,NA,NA
"BaronPancreas","Pancreas","Human","DeepSeekCell-Evidence","none",0,16,10.3162741661072,0.00078596,3826,10.3162741661072,0,3826,0,0,"db1ed5bb8d39dd1fc23bcdc23db74d13",0.95154749050253,0.533980582524272,0.499582985821518,0.814814814814815,0.75,0.777777777777778,0.846153846153846,0,16,2,NA,NA,NA,NA,NA,NA,NA,NA,NA
"BaronPancreas","Pancreas","Human","DeepSeekCell-Calibrated","none",0,16,10.3162741661072,0.00078596,3826,10.3162741661072,0,3826,0,0,"db1ed5bb8d39dd1fc23bcdc23db74d13",0.95154749050253,0.533980582524272,0.499582985821518,0.814814814814815,0.75,0.777777777777778,0.846153846153846,0,16,2,NA,NA,NA,NA,NA,NA,NA,NA,NA
"BaronPancreas","Pancreas","Human","DeepSeekCell-SelfRefined","evidence-k",0,16,10.3162741661072,0.00078596,3826,10.3162741661072,0,3826,0,0,"db1ed5bb8d39dd1fc23bcdc23db74d13",0.95154749050253,0.533980582524272,0.499582985821518,0.814814814814815,0.75,0.777777777777778,0.846153846153846,0,16,2,NA,NA,NA,NA,NA,NA,NA,NA,NA
"BaronPancreas","Pancreas","Human","DeepSeekCell-RandomK","random-k",0,16,10.3162741661072,0.00078596,3826,10.3162741661072,0,3826,0,0,"db1ed5bb8d39dd1fc23bcdc23db74d13",0.95154749050253,0.533980582524272,0.499582985821518,0.814814814814815,0.75,0.777777777777778,0.846153846153846,0,16,2,NA,NA,NA,NA,NA,NA,NA,NA,NA
"BaronPancreas","Pancreas","Human","DeepSeekCell-ConfidenceK","confidence-k",0,16,10.3162741661072,0.00078596,3826,10.3162741661072,0,3826,0,0,"db1ed5bb8d39dd1fc23bcdc23db74d13",0.95154749050253,0.533980582524272,0.499582985821518,0.814814814814815,0.75,0.777777777777778,0.846153846153846,0,16,2,NA,NA,NA,NA,NA,NA,NA,NA,NA
"BaronPancreas","Pancreas","Human","DeepSeekCell-FullRefined","full",16,16,16.94908618927,0.00152572,8146,10.3162741661072,6.63281202316284,3826,4320,1,"db1ed5bb8d39dd1fc23bcdc23db74d13",0.95154749050253,0.533980582524272,0.499582985821518,0.814814814814815,0.75,0.777777777777778,0.846153846153846,0,16,2,NA,NA,NA,NA,NA,NA,NA,NA,NA
"BaronPancreas","Pancreas","Human","scType","baseline",0,16,0.803946018218994,0,NA,NA,0,NA,0,0,NA,0.95154749050253,0.533980582524272,0.782016348773842,0.947089947089947,0.9375,0.972222222222222,0.923076923076923,0,16,2,"cluster",NA,NA,NA,NA,NA,NA,NA,NA
"BaronPancreas","Pancreas","Human","SingleR","baseline",0,16,124.056859970093,0,NA,NA,0,NA,0,0,NA,0.95154749050253,0.533980582524272,0.394217530977513,0.222222222222222,0.125,0.222222222222222,1,0,16,2,"cluster",NA,NA,NA,NA,NA,NA,NA,NA
"BaronPancreas","Pancreas","Human","scmap","baseline",0,16,52.3400211334229,0,NA,NA,0,NA,0,0,NA,0.95154749050253,0.533980582524272,0.498031496062992,0.222222222222222,0.125,0.222222222222222,1,0,16,2,"cluster",NA,NA,NA,NA,NA,NA,NA,NA
"BaronPancreas","Pancreas","Human","CellTypist","baseline",0,16,1.19931101799011,0,NA,NA,0,NA,0,0,NA,0.95154749050253,0.533980582524272,0.21594250245018,0.333333333333333,0.4375,0.444444444444444,0.461538461538462,0,16,2,"cell","Adult_Human_PancreaticIslet.pkl",0.425923159439254,0.298148727126074,0.630337869544815,0.367082231910004,0.668565510098395,0,8524
"MuraroPancreas","Pancreas","Human","DeepSeek-Plain","none",0,11,8.00973796844482,0.00057288,2839,8.00973796844482,0,2839,0,0,"556248f95fbc3937c493b0586f19cfa2",0.953660414424553,0.892307692307692,0.485981308411215,0.916666666666667,0.818181818181818,0.875,0.875,0.0909090909090909,11,2,NA,NA,NA,NA,NA,NA,NA,NA,NA
"MuraroPancreas","Pancreas","Human","DeepSeekCell-Evidence","none",0,11,8.00973796844482,0.00057288,2839,8.00973796844482,0,2839,0,0,"556248f95fbc3937c493b0586f19cfa2",0.953660414424553,0.892307692307692,0.485981308411215,0.916666666666667,0.818181818181818,0.875,0.875,0.0909090909090909,11,2,NA,NA,NA,NA,NA,NA,NA,NA,NA
"MuraroPancreas","Pancreas","Human","DeepSeekCell-Calibrated","none",0,11,8.00973796844482,0.00057288,2839,8.00973796844482,0,2839,0,0,"556248f95fbc3937c493b0586f19cfa2",0.953660414424553,0.892307692307692,0.485981308411215,0.916666666666667,0.818181818181818,0.875,0.875,0.0909090909090909,11,2,NA,NA,NA,NA,NA,NA,NA,NA,NA
"MuraroPancreas","Pancreas","Human","DeepSeekCell-SelfRefined","evidence-k",0,11,8.00973796844482,0.00057288,2839,8.00973796844482,0,2839,0,0,"556248f95fbc3937c493b0586f19cfa2",0.953660414424553,0.892307692307692,0.485981308411215,0.916666666666667,0.818181818181818,0.875,0.875,0.0909090909090909,11,2,NA,NA,NA,NA,NA,NA,NA,NA,NA
"MuraroPancreas","Pancreas","Human","DeepSeekCell-RandomK","random-k",0,11,8.00973796844482,0.00057288,2839,8.00973796844482,0,2839,0,0,"556248f95fbc3937c493b0586f19cfa2",0.953660414424553,0.892307692307692,0.485981308411215,0.916666666666667,0.818181818181818,0.875,0.875,0.0909090909090909,11,2,NA,NA,NA,NA,NA,NA,NA,NA,NA
"MuraroPancreas","Pancreas","Human","DeepSeekCell-ConfidenceK","confidence-k",0,11,8.00973796844482,0.00057288,2839,8.00973796844482,0,2839,0,0,"556248f95fbc3937c493b0586f19cfa2",0.953660414424553,0.892307692307692,0.485981308411215,0.916666666666667,0.818181818181818,0.875,0.875,0.0909090909090909,11,2,NA,NA,NA,NA,NA,NA,NA,NA,NA
"MuraroPancreas","Pancreas","Human","DeepSeekCell-FullRefined","full",11,11,12.7504279613495,0.00113568,6086,8.00973796844482,4.74068999290466,2839,3247,1,"556248f95fbc3937c493b0586f19cfa2",0.953660414424553,0.892307692307692,0.485981308411215,0.916666666666667,0.818181818181818,0.875,0.875,0.0909090909090909,11,2,NA,NA,NA,NA,NA,NA,NA,NA,NA
"MuraroPancreas","Pancreas","Human","scType","baseline",0,11,0.505611181259155,0,NA,NA,0,NA,0,0,NA,0.953660414424553,0.892307692307692,0.790874524714829,0.958333333333333,0.909090909090909,0.9375,0.888888888888889,0,11,2,"cluster",NA,NA,NA,NA,NA,NA,NA,NA
"MuraroPancreas","Pancreas","Human","SingleR","baseline",0,11,12.4527571201324,0,NA,NA,0,NA,0,0,NA,0.953660414424553,0.892307692307692,0.130663856691254,0.125,0.0909090909090909,0.125,0.75,0,11,2,"cluster",NA,NA,NA,NA,NA,NA,NA,NA
"MuraroPancreas","Pancreas","Human","scmap","baseline",0,11,4.80433702468872,0,NA,NA,0,NA,0,0,NA,0.953660414424553,0.892307692307692,0.111310592459605,0.125,0.0909090909090909,0.125,0.75,0,11,2,"cluster",NA,NA,NA,NA,NA,NA,NA,NA
"MuraroPancreas","Pancreas","Human","CellTypist","baseline",0,11,0.833560943603516,0,NA,NA,0,NA,0,0,NA,0.953660414424553,0.892307692307692,0.342629482071713,0.375,0.545454545454545,0.5,0.555555555555556,0,11,2,"cell","Adult_Human_PancreaticIslet.pkl",0.44181902512038,0.361773944198267,0.642756016989146,0.449890621951666,0.670550847457627,0,2119
"TasicBrain","Brain","Mouse","DeepSeek-Plain","none",0,15,8.64404511451721,0.00075768,3740,8.64404511451721,0,3740,0,0,"ea9757f0baa3079bf1c5ed65aa0742a1",0.928741651094654,0.692307692307692,1,1,1,1,1,0,15,2,NA,NA,NA,NA,NA,NA,NA,NA,NA
"TasicBrain","Brain","Mouse","DeepSeekCell-Evidence","none",0,15,8.64404511451721,0.00075768,3740,8.64404511451721,0,3740,0,0,"ea9757f0baa3079bf1c5ed65aa0742a1",0.928741651094654,0.692307692307692,1,1,1,1,1,0,15,2,NA,NA,NA,NA,NA,NA,NA,NA,NA
"TasicBrain","Brain","Mouse","DeepSeekCell-Calibrated","none",0,15,8.64404511451721,0.00075768,3740,8.64404511451721,0,3740,0,0,"ea9757f0baa3079bf1c5ed65aa0742a1",0.928741651094654,0.692307692307692,1,1,1,1,1,0,15,2,NA,NA,NA,NA,NA,NA,NA,NA,NA
"TasicBrain","Brain","Mouse","DeepSeekCell-SelfRefined","evidence-k",0,15,8.64404511451721,0.00075768,3740,8.64404511451721,0,3740,0,0,"ea9757f0baa3079bf1c5ed65aa0742a1",0.928741651094654,0.692307692307692,1,1,1,1,1,0,15,2,NA,NA,NA,NA,NA,NA,NA,NA,NA
"TasicBrain","Brain","Mouse","DeepSeekCell-RandomK","random-k",0,15,8.64404511451721,0.00075768,3740,8.64404511451721,0,3740,0,0,"ea9757f0baa3079bf1c5ed65aa0742a1",0.928741651094654,0.692307692307692,1,1,1,1,1,0,15,2,NA,NA,NA,NA,NA,NA,NA,NA,NA
"TasicBrain","Brain","Mouse","DeepSeekCell-ConfidenceK","confidence-k",0,15,8.64404511451721,0.00075768,3740,8.64404511451721,0,3740,0,0,"ea9757f0baa3079bf1c5ed65aa0742a1",0.928741651094654,0.692307692307692,1,1,1,1,1,0,15,2,NA,NA,NA,NA,NA,NA,NA,NA,NA
"TasicBrain","Brain","Mouse","DeepSeekCell-FullRefined","full",15,15,16.0140571594238,0.00159502,8389,8.64404511451721,7.37001204490662,3740,4649,1,"ea9757f0baa3079bf1c5ed65aa0742a1",0.928741651094654,0.692307692307692,1,1,1,1,1,0,15,2,NA,NA,NA,NA,NA,NA,NA,NA,NA
"TasicBrain","Brain","Mouse","scType","baseline",0,15,0.251179218292236,0,NA,NA,0,NA,0,0,NA,0.928741651094654,0.692307692307692,0.727272727272727,0.971139971139971,0.933333333333333,0.971428571428571,0.933333333333333,0,15,2,"cluster",NA,NA,NA,NA,NA,NA,NA,NA
"TasicBrain","Brain","Mouse","SingleR","baseline",0,15,3.30735683441162,0,NA,NA,0,NA,0,0,NA,0.928741651094654,0.692307692307692,0.477611940298507,0.666666666666667,0.6,0.714285714285714,0.642857142857143,0.0666666666666667,15,2,"cluster",NA,NA,NA,NA,NA,NA,NA,NA
"TasicBrain","Brain","Mouse","scmap","baseline",0,15,3.52164387702942,0,NA,NA,0,NA,0,0,NA,0.928741651094654,0.692307692307692,0.463654223968566,0.619047619047619,0.6,0.714285714285714,0.6,0,15,2,"cluster",NA,NA,NA,NA,NA,NA,NA,NA
"ZeiselBrain","Brain","Mouse","DeepSeek-Plain","none",0,16,9.44717383384705,0.0008092,3965,9.44717383384705,0,3965,0,0,"b4d9ccd58a222e82a0e11c34cf5ee177",0.773479236478526,0.504098360655738,0.68384074941452,0.465277777777778,0.6875,0.5375,0.8,0.0625,16,2,NA,NA,NA,NA,NA,NA,NA,NA,NA
"ZeiselBrain","Brain","Mouse","DeepSeekCell-Evidence","none",0,16,9.44717383384705,0.0008092,3965,9.44717383384705,0,3965,0,0,"b4d9ccd58a222e82a0e11c34cf5ee177",0.773479236478526,0.504098360655738,0.68384074941452,0.465277777777778,0.6875,0.5375,0.8,0.0625,16,2,NA,NA,NA,NA,NA,NA,NA,NA,NA
"ZeiselBrain","Brain","Mouse","DeepSeekCell-Calibrated","none",0,16,9.44717383384705,0.0008092,3965,9.44717383384705,0,3965,0,0,"b4d9ccd58a222e82a0e11c34cf5ee177",0.773479236478526,0.504098360655738,0.68384074941452,0.465277777777778,0.6875,0.5375,0.8,0.0625,16,2,NA,NA,NA,NA,NA,NA,NA,NA,NA
"ZeiselBrain","Brain","Mouse","DeepSeekCell-SelfRefined","evidence-k",1,16,10.6022448539734,0.0009009,4519,9.44717383384705,1.15507102012634,3965,554,1,"b4d9ccd58a222e82a0e11c34cf5ee177",0.773479236478526,0.504098360655738,0.68384074941452,0.590277777777778,0.75,0.6625,0.866666666666667,0.0625,16,2,NA,NA,NA,NA,NA,NA,NA,NA,NA
"ZeiselBrain","Brain","Mouse","DeepSeekCell-RandomK","random-k",1,16,10.6475517749786,0.000896,4491,9.44717383384705,1.20037794113159,3965,526,1,"b4d9ccd58a222e82a0e11c34cf5ee177",0.773479236478526,0.504098360655738,0.68384074941452,0.465277777777778,0.6875,0.5375,0.8,0.0625,16,2,NA,NA,NA,NA,NA,NA,NA,NA,NA
"ZeiselBrain","Brain","Mouse","DeepSeekCell-ConfidenceK","confidence-k",1,16,10.7918999195099,0.000896,4486,9.44717383384705,1.34472608566284,3965,521,1,"b4d9ccd58a222e82a0e11c34cf5ee177",0.773479236478526,0.504098360655738,0.68384074941452,0.465277777777778,0.6875,0.5375,0.75,0,16,2,NA,NA,NA,NA,NA,NA,NA,NA,NA
"ZeiselBrain","Brain","Mouse","DeepSeekCell-FullRefined","full",16,16,16.8510389328003,0.00169064,8901,9.44717383384705,7.40386509895325,3965,4936,1,"b4d9ccd58a222e82a0e11c34cf5ee177",0.773479236478526,0.504098360655738,0.68384074941452,0.465277777777778,0.6875,0.5375,0.8,0.0625,16,2,NA,NA,NA,NA,NA,NA,NA,NA,NA
"ZeiselBrain","Brain","Mouse","scType","baseline",0,16,0.315524101257324,0,NA,NA,0,NA,0,0,NA,0.773479236478526,0.504098360655738,0.520274129069103,0.579861111111111,0.75,0.7,0.8125,0,16,2,"cluster",NA,NA,NA,NA,NA,NA,NA,NA
"ZeiselBrain","Brain","Mouse","SingleR","baseline",0,16,4.67122793197632,0,NA,NA,0,NA,0,0,NA,0.773479236478526,0.504098360655738,0.55607476635514,0.579166666666667,0.75,0.625,0.75,0,16,2,"cluster",NA,NA,NA,NA,NA,NA,NA,NA
"ZeiselBrain","Brain","Mouse","scmap","baseline",0,16,6.01755499839783,0,NA,NA,0,NA,0,0,NA,0.773479236478526,0.504098360655738,0.341825902335457,0.558035714285714,0.6875,0.59375,0.6875,0,16,2,"cluster",NA,NA,NA,NA,NA,NA,NA,NA
"ZilionisLung","Lung","Human","DeepSeek-Plain","none",0,16,10.8895630836487,0.00083048,4023,10.8895630836487,0,4023,0,0,"917e66349cb243ec21edfb13af95e7b1",0.898449962937747,0.40625,0.583333333333333,0.496969696969697,0.5,0.46969696969697,0.571428571428571,0.125,16,2,NA,NA,NA,NA,NA,NA,NA,NA,NA
"ZilionisLung","Lung","Human","DeepSeekCell-Evidence","none",0,16,10.8895630836487,0.00083048,4023,10.8895630836487,0,4023,0,0,"917e66349cb243ec21edfb13af95e7b1",0.898449962937747,0.40625,0.583333333333333,0.496969696969697,0.5,0.46969696969697,0.571428571428571,0.125,16,2,NA,NA,NA,NA,NA,NA,NA,NA,NA
"ZilionisLung","Lung","Human","DeepSeekCell-Calibrated","none",0,16,10.8895630836487,0.00083048,4023,10.8895630836487,0,4023,0,0,"917e66349cb243ec21edfb13af95e7b1",0.898449962937747,0.40625,0.583333333333333,0.496969696969697,0.5,0.46969696969697,0.571428571428571,0.125,16,2,NA,NA,NA,NA,NA,NA,NA,NA,NA
"ZilionisLung","Lung","Human","DeepSeekCell-SelfRefined","evidence-k",1,16,12.3913090229034,0.0009254,4587,10.8895630836487,1.50174593925476,4023,564,1,"917e66349cb243ec21edfb13af95e7b1",0.898449962937747,0.40625,0.523809523809524,0.557575757575758,0.5625,0.560606060606061,0.642857142857143,0.125,16,2,NA,NA,NA,NA,NA,NA,NA,NA,NA
"ZilionisLung","Lung","Human","DeepSeekCell-RandomK","random-k",1,16,12.35125207901,0.0009212,4573,10.8895630836487,1.46168899536133,4023,550,1,"917e66349cb243ec21edfb13af95e7b1",0.898449962937747,0.40625,0.583333333333333,0.496969696969697,0.5,0.46969696969697,0.571428571428571,0.125,16,2,NA,NA,NA,NA,NA,NA,NA,NA,NA
"ZilionisLung","Lung","Human","DeepSeekCell-ConfidenceK","confidence-k",1,16,12.671501159668,0.00090356,4449,10.8895630836487,1.78193807601929,4023,426,1,"917e66349cb243ec21edfb13af95e7b1",0.898449962937747,0.40625,0.523809523809524,0.484848484848485,0.5,0.46969696969697,0.533333333333333,0.0625,16,2,NA,NA,NA,NA,NA,NA,NA,NA,NA
"ZilionisLung","Lung","Human","DeepSeekCell-FullRefined","full",16,16,18.1874899864197,0.00166684,8724,10.8895630836487,7.297926902771,4023,4701,1,"917e66349cb243ec21edfb13af95e7b1",0.898449962937747,0.40625,0.583333333333333,0.496969696969697,0.5,0.46969696969697,0.571428571428571,0.125,16,2,NA,NA,NA,NA,NA,NA,NA,NA,NA
"ZilionisLung","Lung","Human","scType","baseline",0,16,0.565664052963257,0,NA,NA,0,NA,0,0,NA,0.898449962937747,0.40625,0.0173410404624278,0.12396694214876,0.1875,0.181818181818182,0.1875,0,16,2,"cluster",NA,NA,NA,NA,NA,NA,NA,NA
"ZilionisLung","Lung","Human","SingleR","baseline",0,16,11.7436110973358,0,NA,NA,0,NA,0,0,NA,0.898449962937747,0.40625,0.593495934959349,0.56969696969697,0.625,0.606060606060606,0.625,0,16,2,"cluster",NA,NA,NA,NA,NA,NA,NA,NA
"ZilionisLung","Lung","Human","scmap","baseline",0,16,15.3162171840668,0,NA,NA,0,NA,0,0,NA,0.898449962937747,0.40625,0.466666666666667,0.436363636363636,0.5625,0.515151515151515,0.5625,0,16,2,"cluster",NA,NA,NA,NA,NA,NA,NA,NA
"ZilionisLung","Lung","Human","CellTypist","baseline",0,16,2.82520890235901,0,NA,NA,0,NA,0,0,NA,0.898449962937747,0.40625,0.425287356321839,0.345454545454545,0.3125,0.333333333333333,0.466666666666667,0,16,2,"cell","Human_Lung_Atlas.pkl",0.640809631173345,0.475548467154307,0.520024028834602,0.481427564177174,0.573747210387503,0,4994
"PBMC","PBMC","Human","DeepSeek-Plain","none",0,8,6.26591420173645,0.0004158,2188,6.26591420173645,0,2188,0,0,"4bdbed9ba05889cbd7ab9417bb71a733",0.941230819126429,0.843853820598007,1,1,1,1,1,0,8,3,NA,NA,NA,NA,NA,NA,NA,NA,NA
"PBMC","PBMC","Human","DeepSeekCell-Evidence","none",0,8,6.26591420173645,0.0004158,2188,6.26591420173645,0,2188,0,0,"4bdbed9ba05889cbd7ab9417bb71a733",0.941230819126429,0.843853820598007,1,1,1,1,1,0,8,3,NA,NA,NA,NA,NA,NA,NA,NA,NA
"PBMC","PBMC","Human","DeepSeekCell-Calibrated","none",0,8,6.26591420173645,0.0004158,2188,6.26591420173645,0,2188,0,0,"4bdbed9ba05889cbd7ab9417bb71a733",0.941230819126429,0.843853820598007,1,1,1,1,1,0,8,3,NA,NA,NA,NA,NA,NA,NA,NA,NA
"PBMC","PBMC","Human","DeepSeekCell-SelfRefined","evidence-k",0,8,6.26591420173645,0.0004158,2188,6.26591420173645,0,2188,0,0,"4bdbed9ba05889cbd7ab9417bb71a733",0.941230819126429,0.843853820598007,1,1,1,1,1,0,8,3,NA,NA,NA,NA,NA,NA,NA,NA,NA
"PBMC","PBMC","Human","DeepSeekCell-RandomK","random-k",0,8,6.26591420173645,0.0004158,2188,6.26591420173645,0,2188,0,0,"4bdbed9ba05889cbd7ab9417bb71a733",0.941230819126429,0.843853820598007,1,1,1,1,1,0,8,3,NA,NA,NA,NA,NA,NA,NA,NA,NA
"PBMC","PBMC","Human","DeepSeekCell-ConfidenceK","confidence-k",0,8,6.26591420173645,0.0004158,2188,6.26591420173645,0,2188,0,0,"4bdbed9ba05889cbd7ab9417bb71a733",0.941230819126429,0.843853820598007,1,1,1,1,1,0,8,3,NA,NA,NA,NA,NA,NA,NA,NA,NA
"PBMC","PBMC","Human","DeepSeekCell-FullRefined","full",8,8,10.8119640350342,0.0008603,4732,6.26591420173645,4.54604983329773,2188,2544,1,"4bdbed9ba05889cbd7ab9417bb71a733",0.941230819126429,0.843853820598007,1,1,1,1,1,0,8,3,NA,NA,NA,NA,NA,NA,NA,NA,NA
"PBMC","PBMC","Human","scType","baseline",0,8,0.911066055297852,0,NA,NA,0,NA,0,0,NA,0.941230819126429,0.843853820598007,0.875,0.875,0.875,0.875,0.875,0,8,3,"cluster",NA,NA,NA,NA,NA,NA,NA,NA
"PBMC","PBMC","Human","SingleR","baseline",0,8,2.59276604652405,0,NA,NA,0,NA,0,0,NA,0.941230819126429,0.843853820598007,0,0.541666666666667,0.625,0.625,0.714285714285714,0,8,3,"cluster",NA,NA,NA,NA,NA,NA,NA,NA
"PBMC","PBMC","Human","scmap","baseline",0,8,6.6650698184967,0,NA,NA,0,NA,0,0,NA,0.941230819126429,0.843853820598007,0,0.395833333333333,0.5,0.5,0.571428571428571,0,8,3,"cluster",NA,NA,NA,NA,NA,NA,NA,NA
"PBMC","PBMC","Human","CellTypist","baseline",0,8,1.22830009460449,0,NA,NA,0,NA,0,0,NA,0.941230819126429,0.843853820598007,1,1,1,1,1,0,8,3,"cell","Immune_All_Low.pkl",0.65414172748797,0.801244415100951,0.806292645943897,0.829188564575987,0.810594512195122,0,2638
"BaronPancreas","Pancreas","Human","DeepSeek-Plain","none",0,16,13.6481039524078,0.00081228,3920,13.6481039524078,0,3920,0,0,"92adeecc6f51ab177128d5a4a783a115",0.95154749050253,0.533980582524272,0.499582985821518,0.814814814814815,0.75,0.777777777777778,0.846153846153846,0,16,3,NA,NA,NA,NA,NA,NA,NA,NA,NA
"BaronPancreas","Pancreas","Human","DeepSeekCell-Evidence","none",0,16,13.6481039524078,0.00081228,3920,13.6481039524078,0,3920,0,0,"92adeecc6f51ab177128d5a4a783a115",0.95154749050253,0.533980582524272,0.499582985821518,0.814814814814815,0.75,0.777777777777778,0.846153846153846,0,16,3,NA,NA,NA,NA,NA,NA,NA,NA,NA
"BaronPancreas","Pancreas","Human","DeepSeekCell-Calibrated","none",0,16,13.6481039524078,0.00081228,3920,13.6481039524078,0,3920,0,0,"92adeecc6f51ab177128d5a4a783a115",0.95154749050253,0.533980582524272,0.499582985821518,0.814814814814815,0.75,0.777777777777778,0.846153846153846,0,16,3,NA,NA,NA,NA,NA,NA,NA,NA,NA
"BaronPancreas","Pancreas","Human","DeepSeekCell-SelfRefined","evidence-k",0,16,13.6481039524078,0.00081228,3920,13.6481039524078,0,3920,0,0,"92adeecc6f51ab177128d5a4a783a115",0.95154749050253,0.533980582524272,0.499582985821518,0.814814814814815,0.75,0.777777777777778,0.846153846153846,0,16,3,NA,NA,NA,NA,NA,NA,NA,NA,NA
"BaronPancreas","Pancreas","Human","DeepSeekCell-RandomK","random-k",0,16,13.6481039524078,0.00081228,3920,13.6481039524078,0,3920,0,0,"92adeecc6f51ab177128d5a4a783a115",0.95154749050253,0.533980582524272,0.499582985821518,0.814814814814815,0.75,0.777777777777778,0.846153846153846,0,16,3,NA,NA,NA,NA,NA,NA,NA,NA,NA
"BaronPancreas","Pancreas","Human","DeepSeekCell-ConfidenceK","confidence-k",0,16,13.6481039524078,0.00081228,3920,13.6481039524078,0,3920,0,0,"92adeecc6f51ab177128d5a4a783a115",0.95154749050253,0.533980582524272,0.499582985821518,0.814814814814815,0.75,0.777777777777778,0.846153846153846,0,16,3,NA,NA,NA,NA,NA,NA,NA,NA,NA
"BaronPancreas","Pancreas","Human","DeepSeekCell-FullRefined","full",16,16,20.9292931556702,0.00160916,8491,13.6481039524078,7.28118920326233,3920,4571,1,"92adeecc6f51ab177128d5a4a783a115",0.95154749050253,0.533980582524272,0.499582985821518,0.814814814814815,0.75,0.777777777777778,0.846153846153846,0,16,3,NA,NA,NA,NA,NA,NA,NA,NA,NA
"BaronPancreas","Pancreas","Human","scType","baseline",0,16,0.699532985687256,0,NA,NA,0,NA,0,0,NA,0.95154749050253,0.533980582524272,0.782016348773842,0.947089947089947,0.9375,0.972222222222222,0.923076923076923,0,16,3,"cluster",NA,NA,NA,NA,NA,NA,NA,NA
"BaronPancreas","Pancreas","Human","SingleR","baseline",0,16,117.393545150757,0,NA,NA,0,NA,0,0,NA,0.95154749050253,0.533980582524272,0.394217530977513,0.222222222222222,0.125,0.222222222222222,1,0,16,3,"cluster",NA,NA,NA,NA,NA,NA,NA,NA
"BaronPancreas","Pancreas","Human","scmap","baseline",0,16,47.6336710453033,0,NA,NA,0,NA,0,0,NA,0.95154749050253,0.533980582524272,0.393684210526316,0.222222222222222,0.125,0.222222222222222,1,0,16,3,"cluster",NA,NA,NA,NA,NA,NA,NA,NA
"BaronPancreas","Pancreas","Human","CellTypist","baseline",0,16,1.11263513565063,0,NA,NA,0,NA,0,0,NA,0.95154749050253,0.533980582524272,0.21594250245018,0.333333333333333,0.4375,0.444444444444444,0.461538461538462,0,16,3,"cell","Adult_Human_PancreaticIslet.pkl",0.425923159439254,0.298148727126074,0.630337869544815,0.367082231910004,0.668565510098395,0,8524
"MuraroPancreas","Pancreas","Human","DeepSeek-Plain","none",0,11,7.39672589302063,0.00059024,2901,7.39672589302063,0,2901,0,0,"475c46e716003f09f35f6570c38fc0e3",0.953660414424553,0.892307692307692,0.485981308411215,0.916666666666667,0.818181818181818,0.875,0.875,0.0909090909090909,11,3,NA,NA,NA,NA,NA,NA,NA,NA,NA
"MuraroPancreas","Pancreas","Human","DeepSeekCell-Evidence","none",0,11,7.39672589302063,0.00059024,2901,7.39672589302063,0,2901,0,0,"475c46e716003f09f35f6570c38fc0e3",0.953660414424553,0.892307692307692,0.485981308411215,0.916666666666667,0.818181818181818,0.875,0.875,0.0909090909090909,11,3,NA,NA,NA,NA,NA,NA,NA,NA,NA
"MuraroPancreas","Pancreas","Human","DeepSeekCell-Calibrated","none",0,11,7.39672589302063,0.00059024,2901,7.39672589302063,0,2901,0,0,"475c46e716003f09f35f6570c38fc0e3",0.953660414424553,0.892307692307692,0.485981308411215,0.916666666666667,0.818181818181818,0.875,0.875,0.0909090909090909,11,3,NA,NA,NA,NA,NA,NA,NA,NA,NA
"MuraroPancreas","Pancreas","Human","DeepSeekCell-SelfRefined","evidence-k",0,11,7.39672589302063,0.00059024,2901,7.39672589302063,0,2901,0,0,"475c46e716003f09f35f6570c38fc0e3",0.953660414424553,0.892307692307692,0.485981308411215,0.916666666666667,0.818181818181818,0.875,0.875,0.0909090909090909,11,3,NA,NA,NA,NA,NA,NA,NA,NA,NA
"MuraroPancreas","Pancreas","Human","DeepSeekCell-RandomK","random-k",0,11,7.39672589302063,0.00059024,2901,7.39672589302063,0,2901,0,0,"475c46e716003f09f35f6570c38fc0e3",0.953660414424553,0.892307692307692,0.485981308411215,0.916666666666667,0.818181818181818,0.875,0.875,0.0909090909090909,11,3,NA,NA,NA,NA,NA,NA,NA,NA,NA
"MuraroPancreas","Pancreas","Human","DeepSeekCell-ConfidenceK","confidence-k",0,11,7.39672589302063,0.00059024,2901,7.39672589302063,0,2901,0,0,"475c46e716003f09f35f6570c38fc0e3",0.953660414424553,0.892307692307692,0.485981308411215,0.916666666666667,0.818181818181818,0.875,0.875,0.0909090909090909,11,3,NA,NA,NA,NA,NA,NA,NA,NA,NA
"MuraroPancreas","Pancreas","Human","DeepSeekCell-FullRefined","full",11,11,13.8456649780273,0.00127652,6620,7.39672589302063,6.44893908500671,2901,3719,1,"475c46e716003f09f35f6570c38fc0e3",0.953660414424553,0.892307692307692,0.485981308411215,0.916666666666667,0.818181818181818,0.875,0.875,0.0909090909090909,11,3,NA,NA,NA,NA,NA,NA,NA,NA,NA
"MuraroPancreas","Pancreas","Human","scType","baseline",0,11,0.457190990447998,0,NA,NA,0,NA,0,0,NA,0.953660414424553,0.892307692307692,0.790874524714829,0.958333333333333,0.909090909090909,0.9375,0.888888888888889,0,11,3,"cluster",NA,NA,NA,NA,NA,NA,NA,NA
"MuraroPancreas","Pancreas","Human","SingleR","baseline",0,11,11.8177042007446,0,NA,NA,0,NA,0,0,NA,0.953660414424553,0.892307692307692,0.130663856691254,0.125,0.0909090909090909,0.125,0.75,0,11,3,"cluster",NA,NA,NA,NA,NA,NA,NA,NA
"MuraroPancreas","Pancreas","Human","scmap","baseline",0,11,4.65212798118591,0,NA,NA,0,NA,0,0,NA,0.953660414424553,0.892307692307692,0.350393700787402,0.125,0.0909090909090909,0.125,0.75,0,11,3,"cluster",NA,NA,NA,NA,NA,NA,NA,NA
"MuraroPancreas","Pancreas","Human","CellTypist","baseline",0,11,0.800089120864868,0,NA,NA,0,NA,0,0,NA,0.953660414424553,0.892307692307692,0.342629482071713,0.375,0.545454545454545,0.5,0.555555555555556,0,11,3,"cell","Adult_Human_PancreaticIslet.pkl",0.44181902512038,0.361773944198267,0.642756016989146,0.449890621951666,0.670550847457627,0,2119
"TasicBrain","Brain","Mouse","DeepSeek-Plain","none",0,15,7.42389392852783,0.00075992,3748,7.42389392852783,0,3748,0,0,"be2011ced8bc8080b9573664284000e1",0.928741651094654,0.692307692307692,1,1,1,1,1,0,15,3,NA,NA,NA,NA,NA,NA,NA,NA,NA
"TasicBrain","Brain","Mouse","DeepSeekCell-Evidence","none",0,15,7.42389392852783,0.00075992,3748,7.42389392852783,0,3748,0,0,"be2011ced8bc8080b9573664284000e1",0.928741651094654,0.692307692307692,1,1,1,1,1,0,15,3,NA,NA,NA,NA,NA,NA,NA,NA,NA
"TasicBrain","Brain","Mouse","DeepSeekCell-Calibrated","none",0,15,7.42389392852783,0.00075992,3748,7.42389392852783,0,3748,0,0,"be2011ced8bc8080b9573664284000e1",0.928741651094654,0.692307692307692,1,1,1,1,1,0,15,3,NA,NA,NA,NA,NA,NA,NA,NA,NA
"TasicBrain","Brain","Mouse","DeepSeekCell-SelfRefined","evidence-k",0,15,7.42389392852783,0.00075992,3748,7.42389392852783,0,3748,0,0,"be2011ced8bc8080b9573664284000e1",0.928741651094654,0.692307692307692,1,1,1,1,1,0,15,3,NA,NA,NA,NA,NA,NA,NA,NA,NA
"TasicBrain","Brain","Mouse","DeepSeekCell-RandomK","random-k",0,15,7.42389392852783,0.00075992,3748,7.42389392852783,0,3748,0,0,"be2011ced8bc8080b9573664284000e1",0.928741651094654,0.692307692307692,1,1,1,1,1,0,15,3,NA,NA,NA,NA,NA,NA,NA,NA,NA
"TasicBrain","Brain","Mouse","DeepSeekCell-ConfidenceK","confidence-k",0,15,7.42389392852783,0.00075992,3748,7.42389392852783,0,3748,0,0,"be2011ced8bc8080b9573664284000e1",0.928741651094654,0.692307692307692,1,1,1,1,1,0,15,3,NA,NA,NA,NA,NA,NA,NA,NA,NA
"TasicBrain","Brain","Mouse","DeepSeekCell-FullRefined","full",15,15,12.8256719112396,0.00151858,8118,7.42389392852783,5.40177798271179,3748,4370,1,"be2011ced8bc8080b9573664284000e1",0.928741651094654,0.692307692307692,1,1,1,1,1,0,15,3,NA,NA,NA,NA,NA,NA,NA,NA,NA
"TasicBrain","Brain","Mouse","scType","baseline",0,15,0.24183201789856,0,NA,NA,0,NA,0,0,NA,0.928741651094654,0.692307692307692,0.727272727272727,0.971139971139971,0.933333333333333,0.971428571428571,0.933333333333333,0,15,3,"cluster",NA,NA,NA,NA,NA,NA,NA,NA
"TasicBrain","Brain","Mouse","SingleR","baseline",0,15,4.89148592948914,0,NA,NA,0,NA,0,0,NA,0.928741651094654,0.692307692307692,0.477611940298507,0.666666666666667,0.6,0.714285714285714,0.642857142857143,0.0666666666666667,15,3,"cluster",NA,NA,NA,NA,NA,NA,NA,NA
"TasicBrain","Brain","Mouse","scmap","baseline",0,15,4.26684904098511,0,NA,NA,0,NA,0,0,NA,0.928741651094654,0.692307692307692,0.352422907488987,0.660714285714286,0.6,0.714285714285714,0.6,0,15,3,"cluster",NA,NA,NA,NA,NA,NA,NA,NA
"ZeiselBrain","Brain","Mouse","DeepSeek-Plain","none",0,16,7.65180206298828,0.00077476,3842,7.65180206298828,0,3842,0,0,"e388ee60b99d71e54503b7400fc192c6",0.773479236478526,0.504098360655738,0.68384074941452,0.465277777777778,0.6875,0.5375,0.8,0.0625,16,3,NA,NA,NA,NA,NA,NA,NA,NA,NA
"ZeiselBrain","Brain","Mouse","DeepSeekCell-Evidence","none",0,16,7.65180206298828,0.00077476,3842,7.65180206298828,0,3842,0,0,"e388ee60b99d71e54503b7400fc192c6",0.773479236478526,0.504098360655738,0.68384074941452,0.465277777777778,0.6875,0.5375,0.8,0.0625,16,3,NA,NA,NA,NA,NA,NA,NA,NA,NA
"ZeiselBrain","Brain","Mouse","DeepSeekCell-Calibrated","none",0,16,7.65180206298828,0.00077476,3842,7.65180206298828,0,3842,0,0,"e388ee60b99d71e54503b7400fc192c6",0.773479236478526,0.504098360655738,0.68384074941452,0.465277777777778,0.6875,0.5375,0.8,0.0625,16,3,NA,NA,NA,NA,NA,NA,NA,NA,NA
"ZeiselBrain","Brain","Mouse","DeepSeekCell-SelfRefined","evidence-k",1,16,8.99810004234314,0.00087136,4413,7.65180206298828,1.34629797935486,3842,571,1,"e388ee60b99d71e54503b7400fc192c6",0.773479236478526,0.504098360655738,0.68384074941452,0.590277777777778,0.75,0.6625,0.866666666666667,0.0625,16,3,NA,NA,NA,NA,NA,NA,NA,NA,NA
"ZeiselBrain","Brain","Mouse","DeepSeekCell-RandomK","random-k",1,16,8.66985487937927,0.00085904,4370,7.65180206298828,1.01805281639099,3842,528,1,"e388ee60b99d71e54503b7400fc192c6",0.773479236478526,0.504098360655738,0.68384074941452,0.465277777777778,0.6875,0.5375,0.8,0.0625,16,3,NA,NA,NA,NA,NA,NA,NA,NA,NA
"ZeiselBrain","Brain","Mouse","DeepSeekCell-ConfidenceK","confidence-k",1,16,8.92200183868408,0.00086142,4363,7.65180206298828,1.2701997756958,3842,521,1,"e388ee60b99d71e54503b7400fc192c6",0.773479236478526,0.504098360655738,0.68384074941452,0.465277777777778,0.6875,0.5375,0.75,0,16,3,NA,NA,NA,NA,NA,NA,NA,NA,NA
"ZeiselBrain","Brain","Mouse","DeepSeekCell-FullRefined","full",16,16,15.8771481513977,0.00177058,9214,7.65180206298828,8.22534608840942,3842,5372,1,"e388ee60b99d71e54503b7400fc192c6",0.773479236478526,0.504098360655738,0.68384074941452,0.465277777777778,0.6875,0.5375,0.8,0.0625,16,3,NA,NA,NA,NA,NA,NA,NA,NA,NA
"ZeiselBrain","Brain","Mouse","scType","baseline",0,16,0.546955108642578,0,NA,NA,0,NA,0,0,NA,0.773479236478526,0.504098360655738,0.520274129069103,0.579861111111111,0.75,0.7,0.8125,0,16,3,"cluster",NA,NA,NA,NA,NA,NA,NA,NA
"ZeiselBrain","Brain","Mouse","SingleR","baseline",0,16,7.30374598503113,0,NA,NA,0,NA,0,0,NA,0.773479236478526,0.504098360655738,0.55607476635514,0.579166666666667,0.75,0.625,0.75,0,16,3,"cluster",NA,NA,NA,NA,NA,NA,NA,NA
"ZeiselBrain","Brain","Mouse","scmap","baseline",0,16,7.86201000213623,0,NA,NA,0,NA,0,0,NA,0.773479236478526,0.504098360655738,0.341825902335457,0.558035714285714,0.6875,0.59375,0.6875,0,16,3,"cluster",NA,NA,NA,NA,NA,NA,NA,NA
"ZilionisLung","Lung","Human","DeepSeek-Plain","none",0,18,11.4924259185791,0.00088802,4343,11.4924259185791,0,4343,0,0,"625fafc8c9eed9a86992ca6dfdc03c88",0.8974009608888,0.446666666666667,NA,0,0,0,NA,1,18,3,NA,NA,NA,NA,NA,NA,NA,NA,NA
"ZilionisLung","Lung","Human","DeepSeekCell-Evidence","none",0,18,11.4924259185791,0.00088802,4343,11.4924259185791,0,4343,0,0,"625fafc8c9eed9a86992ca6dfdc03c88",0.8974009608888,0.446666666666667,NA,0,0,0,NA,1,18,3,NA,NA,NA,NA,NA,NA,NA,NA,NA
"ZilionisLung","Lung","Human","DeepSeekCell-Calibrated","none",0,18,11.4924259185791,0.00088802,4343,11.4924259185791,0,4343,0,0,"625fafc8c9eed9a86992ca6dfdc03c88",0.8974009608888,0.446666666666667,NA,0,0,0,NA,1,18,3,NA,NA,NA,NA,NA,NA,NA,NA,NA
"ZilionisLung","Lung","Human","DeepSeekCell-SelfRefined","evidence-k",6,18,15.0572419166565,0.00124992,6314,11.4924259185791,3.56481599807739,4343,1971,1,"625fafc8c9eed9a86992ca6dfdc03c88",0.8974009608888,0.446666666666667,0.0638623326959847,0.3,0.222222222222222,0.3,0.833333333333333,0.666666666666667,18,3,NA,NA,NA,NA,NA,NA,NA,NA,NA
"ZilionisLung","Lung","Human","DeepSeekCell-RandomK","random-k",6,18,16.995668888092,0.00129528,6453,11.4924259185791,5.50324296951294,4343,2110,1,"625fafc8c9eed9a86992ca6dfdc03c88",0.8974009608888,0.446666666666667,0.118780096308186,0.38,0.333333333333333,0.366666666666667,1,0.666666666666667,18,3,NA,NA,NA,NA,NA,NA,NA,NA,NA
"ZilionisLung","Lung","Human","DeepSeekCell-ConfidenceK","confidence-k",6,18,16.5097260475159,0.00126574,6342,11.4924259185791,5.01730012893677,4343,1999,1,"625fafc8c9eed9a86992ca6dfdc03c88",0.8974009608888,0.446666666666667,0.0321027287319422,0.216666666666667,0.166666666666667,0.233333333333333,0.5,0.666666666666667,18,3,NA,NA,NA,NA,NA,NA,NA,NA,NA
"ZilionisLung","Lung","Human","DeepSeekCell-FullRefined","full",18,18,20.5599629878998,0.00185836,9499,11.4924259185791,9.06753706932068,4343,5156,1,"625fafc8c9eed9a86992ca6dfdc03c88",0.8974009608888,0.446666666666667,0.358490566037736,0.663333333333333,0.611111111111111,0.733333333333333,0.666666666666667,0,18,3,NA,NA,NA,NA,NA,NA,NA,NA,NA
"ZilionisLung","Lung","Human","scType","baseline",0,18,0.588507175445557,0,NA,NA,0,NA,0,0,NA,0.8974009608888,0.446666666666667,0.0554685340458859,0.142857142857143,0.222222222222222,0.2,0.222222222222222,0,18,3,"cluster",NA,NA,NA,NA,NA,NA,NA,NA
"ZilionisLung","Lung","Human","SingleR","baseline",0,18,11.2699208259583,0,NA,NA,0,NA,0,0,NA,0.8974009608888,0.446666666666667,0.706145966709347,0.696666666666667,0.722222222222222,0.766666666666667,0.722222222222222,0,18,3,"cluster",NA,NA,NA,NA,NA,NA,NA,NA
"ZilionisLung","Lung","Human","scmap","baseline",0,18,26.1960308551788,0,NA,NA,0,NA,0,0,NA,0.8974009608888,0.446666666666667,0.580592105263158,0.566666666666667,0.666666666666667,0.666666666666667,0.666666666666667,0,18,3,"cluster",NA,NA,NA,NA,NA,NA,NA,NA
"ZilionisLung","Lung","Human","CellTypist","baseline",0,18,2.53709006309509,0,NA,NA,0,NA,0,0,NA,0.8974009608888,0.446666666666667,0.383742218967411,0.613333333333333,0.555555555555556,0.583333333333333,0.666666666666667,0,18,3,"cell","Human_Lung_Atlas.pkl",0.650823070711443,0.478554834911597,0.536858974358974,0.482447023875405,0.583536090835361,0,4992
