"RelativePath","Exists","FileSizeBytes","MD5"
"results/external_validation_meta_analysis_selector_pooled_effects.csv",TRUE,5893,"1d9b946ceedd5b069c0e7c2b3c75fbaa"
"results/external_validation_meta_analysis_selector_contrast_pooled_effects.csv",TRUE,1845,"1f5a27cc971b6b96f03ba168b2d9c4c9"
"results/external_validation_robustness_dataset_scorecard.csv",TRUE,1147,"810b7c123435499caae9b871684e07c6"
"results/external_validation_selector_inference_paired_selector_inference.csv",TRUE,16613,"af910113a5e22ffa8c853c0ce52f7f95"
"results/biological_validation_cluster_biological_validation.csv",TRUE,814190,"2b781dd63136ce78a9594bbd4871f140"
"results/biological_validation_summary_by_method.csv",TRUE,1655,"b1c685fddbf7ad6548c33c3961f1f5d2"
"results/biological_validation_corrected_clusters.csv",TRUE,16725,"dd6af0007426d36501477e6f89f38ac1"
"results/biological_validation_failure_taxonomy.csv",TRUE,3884,"4583dba3d5365c26dd8f03a2f3bcb9ab"
"results/universal_reliability_transfer_risk_transfer_metrics.csv",TRUE,1054,"ddb5daad832b5d9338fa95eb888521f2"
"results/universal_reliability_transfer_selector_summary_by_model.csv",TRUE,1673,"70929c3e6ebdf79cc9cae9257c9a534a"
"results/benchmark_release_manifest.csv",TRUE,158340,"1599c160dc5536b6e28687b29f39d258"
"results/benchmark_release_manifest_summary.csv",TRUE,411,"59669a9f4adb9dd9fb5ce66a24968e64"
